ID,LOCTYPE,X_COORD,Y_COORD,GROEP,NUMMER,NAAM,WETENS,SBB_KL,TANSLEY,DATUM,WAARN,OPM
50001,"p",189108,540276,9.0000000000000000e+00,1099,"Waterzuring","Rumex hydrolapathum",1,"s","09/20/13 00:00:00","Wout Bijkerk","org.nr. =  8005"
50002,"p",189257,540204,9.0000000000000000e+00,1324,"Klein blaasjeskruid","Utricularia minor",4,"r","09/20/13 00:00:00","Wout Bijkerk","org.nr. =  8009"
50003,"p",189121,539973,1.0000000000000000e+01,3172,"Stijf veenmos","Sphagnum capillifolium",4,"r","09/20/13 00:00:00","Wout Bijkerk","org.nr. =  8055"
50004,"p",189192,539970,9.0000000000000000e+00,1324,"Klein blaasjeskruid","Utricularia minor",3,"s","09/20/13 00:00:00","Wout Bijkerk","org.nr. =  8058"
50005,"p",190245,540352,9.0000000000000000e+00,1324,"Klein blaasjeskruid","Utricularia minor",4,"f","10/02/13 00:00:00","Theo Jager","org.nr. =  9087"
50006,"p",190612,541094,9.0000000000000000e+00,923,"Moeraskartelblad","Pedicularis palustris",3,"s","06/12/13 00:00:00","Klaas van der Veen","org.nr. =  10008"
50007,"p",190612,541094,9.0000000000000000e+00,688,"Padderus","Juncus subnodulosus",4,"s","06/12/13 00:00:00","Klaas van der Veen","org.nr. =  10008"
50008,"p",190596,541115,9.0000000000000000e+00,923,"Moeraskartelblad","Pedicularis palustris",1,"s","06/12/13 00:00:00","Klaas van der Veen","org.nr. =  10009"
50009,"p",190675,541024,9.0000000000000000e+00,923,"Moeraskartelblad","Pedicularis palustris",3,"s","06/12/13 00:00:00","Klaas van der Veen","org.nr. =  10011"
50010,"p",190700,540981,9.0000000000000000e+00,688,"Padderus","Juncus subnodulosus",4,"s","06/12/13 00:00:00","Klaas van der Veen","org.nr. =  10012"
50011,"p",190989,540524,9.0000000000000000e+00,670,"Veldrus","Juncus acutiflorus",4,"s","06/12/13 00:00:00","Klaas van der Veen","org.nr. =  10013"
50012,"p",191022,540488,9.0000000000000000e+00,237,"Stijve zegge","Carex elata",2,"s","06/16/13 00:00:00","Klaas van der Veen","org.nr. =  10017"
50013,"p",190865,540703,9.0000000000000000e+00,1183,"Waterkruiskruid","Senecio aquaticus",2,"s","06/16/13 00:00:00","Klaas van der Veen","org.nr. =  10021"
50014,"p",190857,540718,9.0000000000000000e+00,1183,"Waterkruiskruid","Senecio aquaticus",3,"s","06/16/13 00:00:00","Klaas van der Veen","org.nr. =  10022"
50015,"p",190783,540829,9.0000000000000000e+00,1332,"Kleine valeriaan","Valeriana dioica",2,"s","06/16/13 00:00:00","Klaas van der Veen","org.nr. =  10027"
50016,"p",190786,540852,9.0000000000000000e+00,248,"Blauwe zegge","Carex panicea",3,"s","06/16/13 00:00:00","Klaas van der Veen","org.nr. =  10030"
50017,"p",190765,540855,9.0000000000000000e+00,688,"Padderus","Juncus subnodulosus",4,"s","06/16/13 00:00:00","Klaas van der Veen","org.nr. =  10031"
50018,"p",190537,540077,9.0000000000000000e+00,1324,"Klein blaasjeskruid","Utricularia minor",4,"r","09/25/13 00:00:00","Ronald Bakker","org.nr. =  11008"
50019,"p",190544,540239,9.0000000000000000e+00,1324,"Klein blaasjeskruid","Utricularia minor",3,"r","09/26/13 00:00:00","Ronald Bakker","org.nr. =  11033"
50020,"p",189372,539900,9.0000000000000000e+00,420,"Kamvaren","Dryopteris cristata",1,"s","10/08/13 00:00:00","Ronald Bakker","org.nr. =  12024"
50021,"p",189323,539965,9.0000000000000000e+00,1324,"Klein blaasjeskruid","Utricularia minor",4,"r","10/08/13 00:00:00","Ronald Bakker","org.nr. =  12025"
50022,"p",189282,539371,9.0000000000000000e+00,890,"Rietorchis","Dactylorhiza majalis subsp. pr",1,"s","08/29/13 00:00:00","Jan Erik Plantinga","org.nr. =  13010"
50023,"p",189229,539292,9.0000000000000000e+00,890,"Rietorchis","Dactylorhiza majalis subsp. pr",2,"r","08/29/13 00:00:00","Jan Erik Plantinga","org.nr. =  13012"
50024,"p",189216,539306,9.0000000000000000e+00,890,"Rietorchis","Dactylorhiza majalis subsp. pr",2,"r","08/29/13 00:00:00","Jan Erik Plantinga","org.nr. =  13013"
50025,"p",189212,539326,9.0000000000000000e+00,890,"Rietorchis","Dactylorhiza majalis subsp. pr",1,"s","08/29/13 00:00:00","Jan Erik Plantinga","org.nr. =  13014"
50026,"p",189244,539359,9.0000000000000000e+00,890,"Rietorchis","Dactylorhiza majalis subsp. pr",2,"r","08/29/13 00:00:00","Jan Erik Plantinga","org.nr. =  13015"
50027,"p",189223,539383,9.0000000000000000e+00,890,"Rietorchis","Dactylorhiza majalis subsp. pr",2,"r","08/29/13 00:00:00","Jan Erik Plantinga","org.nr. =  13016"
50028,"p",189402,539525,9.0000000000000000e+00,890,"Rietorchis","Dactylorhiza majalis subsp. pr",1,"s","08/29/13 00:00:00","Jan Erik Plantinga","org.nr. =  13019"
50029,"p",189426,539542,9.0000000000000000e+00,890,"Rietorchis","Dactylorhiza majalis subsp. pr",1,"s","08/29/13 00:00:00","Jan Erik Plantinga","org.nr. =  13020"
50030,"p",189317,539642,1.0000000000000000e+01,3011,"Hoogveenmos","Sphagnum magellanicum",4,"s","08/29/13 00:00:00","Jan Erik Plantinga","org.nr. =  13022"
50031,"p",189306,539503,9.0000000000000000e+00,1324,"Klein blaasjeskruid","Utricularia minor",4,"s","08/29/13 00:00:00","Jan Erik Plantinga","org.nr. =  13035"
50032,"p",189306,539503,9.0000000000000000e+00,1230,"Kleinste egelskop","Sparganium natans",1,"s","08/29/13 00:00:00","Jan Erik Plantinga","org.nr. =  13035"
50033,"p",189153,539471,1.0000000000000000e+01,3011,"Hoogveenmos","Sphagnum magellanicum",4,"r","08/29/13 00:00:00","Jan Erik Plantinga","org.nr. =  13046"
50034,"p",189117,539485,1.0000000000000000e+01,3011,"Hoogveenmos","Sphagnum magellanicum",3,"s","08/29/13 00:00:00","Jan Erik Plantinga","org.nr. =  13047"
50035,"p",189167,539432,1.0000000000000000e+01,3011,"Hoogveenmos","Sphagnum magellanicum",4,"r","08/29/13 00:00:00","Jan Erik Plantinga","org.nr. =  13049"
50036,"p",189182,539426,1.0000000000000000e+01,3011,"Hoogveenmos","Sphagnum magellanicum",4,"r","08/29/13 00:00:00","Jan Erik Plantinga","org.nr. =  13050"
50037,"p",189985,539371,9.0000000000000000e+00,473,"Gewone dophei","Erica tetralix",2,"s","09/03/13 00:00:00","Ronald Bakker","org.nr. =  14006"
50038,"p",189958,539354,9.0000000000000000e+00,473,"Gewone dophei","Erica tetralix",3,"r","09/03/13 00:00:00","Ronald Bakker","org.nr. =  14007"
50039,"p",190010,539250,9.0000000000000000e+00,473,"Gewone dophei","Erica tetralix",3,"r","09/03/13 00:00:00","Ronald Bakker","org.nr. =  14010"
50040,"p",190015,539237,1.0000000000000000e+01,3011,"Hoogveenmos","Sphagnum magellanicum",3,"r","09/03/13 00:00:00","Ronald Bakker","org.nr. =  14011"
50041,"p",190057,539234,9.0000000000000000e+00,473,"Gewone dophei","Erica tetralix",3,"r","09/03/13 00:00:00","Ronald Bakker","org.nr. =  14013"
50042,"p",190053,539265,9.0000000000000000e+00,473,"Gewone dophei","Erica tetralix",4,"r","09/03/13 00:00:00","Ronald Bakker","org.nr. =  14017"
50043,"p",190053,539265,1.0000000000000000e+01,3011,"Hoogveenmos","Sphagnum magellanicum",4,"r","09/03/13 00:00:00","Ronald Bakker","org.nr. =  14017"
50044,"p",189864,539236,9.0000000000000000e+00,908,"Koningsvaren","Osmunda regalis",2,"s","09/06/13 00:00:00","Ronald Bakker","org.nr. =  14053"
50045,"p",189852,539115,9.0000000000000000e+00,908,"Koningsvaren","Osmunda regalis",2,"s","09/06/13 00:00:00","Ronald Bakker","org.nr. =  14060"
50046,"p",190660,539394,9.0000000000000000e+00,549,"Liggend walstro","Galium saxatile",2,"s","09/10/13 00:00:00","Ronald Bakker","org.nr. =  15045"
50047,"p",190680,539362,9.0000000000000000e+00,549,"Liggend walstro","Galium saxatile",2,"s","09/10/13 00:00:00","Ronald Bakker","org.nr. =  15046"
50048,"p",190697,539340,9.0000000000000000e+00,549,"Liggend walstro","Galium saxatile",3,"r","09/10/13 00:00:00","Ronald Bakker","org.nr. =  15047"
50049,"p",190673,539380,9.0000000000000000e+00,1324,"Klein blaasjeskruid","Utricularia minor",4,"r","09/10/13 00:00:00","Ronald Bakker","org.nr. =  15049"
50050,"p",190870,539426,9.0000000000000000e+00,1324,"Klein blaasjeskruid","Utricularia minor",4,"r","09/18/13 00:00:00","Ronald Bakker","org.nr. =  15077"
50051,"p",190846,539282,1.0000000000000000e+01,3011,"Hoogveenmos","Sphagnum magellanicum",3,"r","09/18/13 00:00:00","Ronald Bakker","org.nr. =  15093"
50052,"p",190839,539296,9.0000000000000000e+00,1324,"Klein blaasjeskruid","Utricularia minor",4,"r","09/18/13 00:00:00","Ronald Bakker","org.nr. =  15095"
50053,"p",190908,539210,9.0000000000000000e+00,1324,"Klein blaasjeskruid","Utricularia minor",4,"r","09/18/13 00:00:00","Ronald Bakker","org.nr. =  15098"
50054,"p",190741,539342,9.0000000000000000e+00,1324,"Klein blaasjeskruid","Utricularia minor",3,"r","09/19/13 00:00:00","Ronald Bakker","org.nr. =  15106"
50055,"p",190849,539069,9.0000000000000000e+00,1324,"Klein blaasjeskruid","Utricularia minor",4,"r","09/19/13 00:00:00","Ronald Bakker","org.nr. =  15121"
50056,"p",190829,539090,9.0000000000000000e+00,1324,"Klein blaasjeskruid","Utricularia minor",4,"r","09/19/13 00:00:00","Ronald Bakker","org.nr. =  15122"
50057,"p",190817,539078,9.0000000000000000e+00,1324,"Klein blaasjeskruid","Utricularia minor",4,"r","09/19/13 00:00:00","Ronald Bakker","org.nr. =  15125"
50058,"p",190801,539072,9.0000000000000000e+00,1324,"Klein blaasjeskruid","Utricularia minor",4,"r","09/19/13 00:00:00","Ronald Bakker","org.nr. =  15126"
50059,"p",190745,539150,9.0000000000000000e+00,1324,"Klein blaasjeskruid","Utricularia minor",4,"r","09/19/13 00:00:00","Ronald Bakker","org.nr. =  15128"
50060,"p",191355,539980,9.0000000000000000e+00,821,"Waterdrieblad","Menyanthes trifoliata",4,"s","06/12/13 00:00:00","Klaas van der Veen","org.nr. =  16008"
50061,"p",191552,539650,9.0000000000000000e+00,248,"Blauwe zegge","Carex panicea",3,"s","06/12/13 00:00:00","Klaas van der Veen","org.nr. =  16022"
50062,"p",191552,539650,9.0000000000000000e+00,1183,"Waterkruiskruid","Senecio aquaticus",3,"s","06/12/13 00:00:00","Klaas van der Veen","org.nr. =  16022"
50063,"p",190914,538918,9.0000000000000000e+00,1324,"Klein blaasjeskruid","Utricularia minor",3,"r","09/19/13 00:00:00","Ronald Bakker","org.nr. =  18003"
50064,"p",190640,539103,9.0000000000000000e+00,908,"Koningsvaren","Osmunda regalis",1,"s","09/20/13 00:00:00","Ronald Bakker","org.nr. =  18007"
50065,"p",190288,538550,9.0000000000000000e+00,260,"Snavelzegge","Carex rostrata",4,"r","10/17/13 00:00:00","Ronald Bakker","org.nr. =  18054"
50066,"p",190232,538663,1.0000000000000000e+01,3011,"Hoogveenmos","Sphagnum magellanicum",4,"r","10/17/13 00:00:00","Ronald Bakker","org.nr. =  18056"
50067,"p",190249,538752,9.0000000000000000e+00,849,"Wilde gagel","Myrica gale",3,"r","10/17/13 00:00:00","Ronald Bakker","org.nr. =  18060"
50068,"p",190404,538553,1.0000000000000000e+01,3011,"Hoogveenmos","Sphagnum magellanicum",4,"r","10/21/13 00:00:00","Ronald Bakker","org.nr. =  18083"
50069,"p",190374,538608,1.0000000000000000e+01,3022,"Violet veenmos","Sphagnum russowii",4,"r","10/21/13 00:00:00","Ronald Bakker","org.nr. =  18085"
50070,"p",190386,538589,1.0000000000000000e+01,3022,"Violet veenmos","Sphagnum russowii",3,"r","10/21/13 00:00:00","Ronald Bakker","org.nr. =  18088"
50071,"p",190318,538738,9.0000000000000000e+00,239,"Draadzegge","Carex lasiocarpa",4,"r","10/21/13 00:00:00","Ronald Bakker","org.nr. =  18090"
50072,"p",190333,538717,9.0000000000000000e+00,239,"Draadzegge","Carex lasiocarpa",4,"r","10/21/13 00:00:00","Ronald Bakker","org.nr. =  18091"
50073,"p",190709,538202,9.0000000000000000e+00,1226,"Moerasmelkdistel","Sonchus palustris",2,"r","09/02/13 00:00:00","Jan Erik Plantinga","org.nr. =  19002"
50074,"p",190709,538202,9.0000000000000000e+00,638,"Waterviolier","Hottonia palustris",2,"s","09/02/13 00:00:00","Jan Erik Plantinga","org.nr. =  19002"
50075,"p",190691,538217,9.0000000000000000e+00,1230,"Kleinste egelskop","Sparganium natans",3,"s","09/02/13 00:00:00","Jan Erik Plantinga","org.nr. =  19003"
50076,"p",190671,538234,9.0000000000000000e+00,1230,"Kleinste egelskop","Sparganium natans",3,"r","09/02/13 00:00:00","Jan Erik Plantinga","org.nr. =  19005"
50077,"p",190671,538234,9.0000000000000000e+00,1099,"Waterzuring","Rumex hydrolapathum",4,"f","09/02/13 00:00:00","Jan Erik Plantinga","org.nr. =  19005"
50078,"p",190646,538320,9.0000000000000000e+00,260,"Snavelzegge","Carex rostrata",4,"r","09/02/13 00:00:00","Jan Erik Plantinga","org.nr. =  19009"
50079,"p",190667,538246,9.0000000000000000e+00,1230,"Kleinste egelskop","Sparganium natans",3,"s","09/02/13 00:00:00","Jan Erik Plantinga","org.nr. =  19011"
50080,"p",190656,538278,9.0000000000000000e+00,1230,"Kleinste egelskop","Sparganium natans",4,"r","09/02/13 00:00:00","Jan Erik Plantinga","org.nr. =  19012"
50081,"p",190656,538278,9.0000000000000000e+00,1324,"Klein blaasjeskruid","Utricularia minor",5,"r","09/02/13 00:00:00","Jan Erik Plantinga","org.nr. =  19012"
50082,"p",190656,538278,9.0000000000000000e+00,260,"Snavelzegge","Carex rostrata",5,"r","09/02/13 00:00:00","Jan Erik Plantinga","org.nr. =  19012"
50083,"p",190564,538471,9.0000000000000000e+00,1199,"Tandjesgras","Danthonia decumbens",1,"s","09/02/13 00:00:00","Jan Erik Plantinga","org.nr. =  19017"
50084,"p",190574,538466,9.0000000000000000e+00,1199,"Tandjesgras","Danthonia decumbens",1,"s","09/02/13 00:00:00","Jan Erik Plantinga","org.nr. =  19020"
50085,"p",190602,538108,9.0000000000000000e+00,1324,"Klein blaasjeskruid","Utricularia minor",5,"r","08/02/13 00:00:00","Jan Erik Plantinga","org.nr. =  19029"
50086,"p",190602,538108,9.0000000000000000e+00,212,"Moeraszegge","Carex acutiformis",4,"r","08/02/13 00:00:00","Jan Erik Plantinga","org.nr. =  19029"
50087,"p",190570,538161,9.0000000000000000e+00,1099,"Waterzuring","Rumex hydrolapathum",2,"s","08/02/13 00:00:00","Jan Erik Plantinga","org.nr. =  19032"
50088,"p",190570,538161,9.0000000000000000e+00,463,"Holpijp","Equisetum fluviatile",3,"r","08/02/13 00:00:00","Jan Erik Plantinga","org.nr. =  19032"
50089,"p",190570,538161,9.0000000000000000e+00,260,"Snavelzegge","Carex rostrata",3,"r","08/02/13 00:00:00","Jan Erik Plantinga","org.nr. =  19032"
50090,"p",190526,538187,9.0000000000000000e+00,890,"Rietorchis","Dactylorhiza majalis subsp. pr",1,"s","08/02/13 00:00:00","Jan Erik Plantinga","org.nr. =  19034"
50091,"p",190461,538317,9.0000000000000000e+00,1255,"Krabbescheer","Stratiotes aloides",5,"r","09/02/13 00:00:00","Jan Erik Plantinga","org.nr. =  19036"
50092,"p",190474,538296,9.0000000000000000e+00,1099,"Waterzuring","Rumex hydrolapathum",2,"r","09/02/13 00:00:00","Jan Erik Plantinga","org.nr. =  19037"
50093,"p",190545,538190,9.0000000000000000e+00,1230,"Kleinste egelskop","Sparganium natans",3,"s","09/02/13 00:00:00","Jan Erik Plantinga","org.nr. =  19039"
50094,"p",190501,538221,9.0000000000000000e+00,890,"Rietorchis","Dactylorhiza majalis subsp. pr",2,"s","09/02/13 00:00:00","Jan Erik Plantinga","org.nr. =  19041"
50095,"p",190672,538325,9.0000000000000000e+00,463,"Holpijp","Equisetum fluviatile",3,"r","09/02/13 00:00:00","Jan Erik Plantinga","org.nr. =  19046"
50096,"p",190672,538325,9.0000000000000000e+00,1230,"Kleinste egelskop","Sparganium natans",4,"r","09/02/13 00:00:00","Jan Erik Plantinga","org.nr. =  19046"
50097,"p",190666,538334,9.0000000000000000e+00,1230,"Kleinste egelskop","Sparganium natans",4,"r","09/02/13 00:00:00","Jan Erik Plantinga","org.nr. =  19047"
50098,"p",190641,538372,9.0000000000000000e+00,1324,"Klein blaasjeskruid","Utricularia minor",5,"r","09/02/13 00:00:00","Jan Erik Plantinga","org.nr. =  19049"
50099,"p",190641,538372,9.0000000000000000e+00,326,"Waterscheerling","Cicuta virosa",1,"s","09/02/13 00:00:00","Jan Erik Plantinga","org.nr. =  19049"
50100,"p",190631,538372,9.0000000000000000e+00,821,"Waterdrieblad","Menyanthes trifoliata",3,"r","09/02/13 00:00:00","Jan Erik Plantinga","org.nr. =  19050"
50101,"p",190618,538390,9.0000000000000000e+00,821,"Waterdrieblad","Menyanthes trifoliata",5,"r","09/03/13 00:00:00","Jan Erik Plantinga","org.nr. =  19052"
50102,"p",190618,538390,9.0000000000000000e+00,260,"Snavelzegge","Carex rostrata",3,"r","09/03/13 00:00:00","Jan Erik Plantinga","org.nr. =  19052"
50103,"p",190603,538413,9.0000000000000000e+00,821,"Waterdrieblad","Menyanthes trifoliata",4,"r","09/03/13 00:00:00","Jan Erik Plantinga","org.nr. =  19053"
50104,"p",190597,538455,9.0000000000000000e+00,1230,"Kleinste egelskop","Sparganium natans",4,"r","09/03/13 00:00:00","Jan Erik Plantinga","org.nr. =  19057"
50105,"p",190622,538461,9.0000000000000000e+00,1324,"Klein blaasjeskruid","Utricularia minor",5,"r","09/03/13 00:00:00","Jan Erik Plantinga","org.nr. =  19059"
50106,"p",190540,538416,9.0000000000000000e+00,1324,"Klein blaasjeskruid","Utricularia minor",5,"r","09/03/13 00:00:00","Jan Erik Plantinga","org.nr. =  19061"
50107,"p",190540,538416,9.0000000000000000e+00,463,"Holpijp","Equisetum fluviatile",1,"s","09/03/13 00:00:00","Jan Erik Plantinga","org.nr. =  19061"
50108,"p",190540,538416,9.0000000000000000e+00,260,"Snavelzegge","Carex rostrata",4,"s","09/03/13 00:00:00","Jan Erik Plantinga","org.nr. =  19061"
50109,"p",190668,538205,9.0000000000000000e+00,260,"Snavelzegge","Carex rostrata",3,"r","09/03/13 00:00:00","Jan Erik Plantinga","org.nr. =  19067"
50110,"p",190683,538217,9.0000000000000000e+00,890,"Rietorchis","Dactylorhiza majalis subsp. pr",1,"s","09/03/13 00:00:00","Jan Erik Plantinga","org.nr. =  19068"
50111,"p",190531,538179,9.0000000000000000e+00,890,"Rietorchis","Dactylorhiza majalis subsp. pr",2,"s","09/03/13 00:00:00","Jan Erik Plantinga","org.nr. =  19069"
50112,"p",190495,537709,9.0000000000000000e+00,924,"Heidekartelblad","Pedicularis sylvatica",2,"s","10/02/13 00:00:00","Jan Erik Plantinga","org.nr. =  20513"
50113,"p",189776,537816,9.0000000000000000e+00,463,"Holpijp","Equisetum fluviatile",2,"s","07/09/13 00:00:00","Jan Erik Plantinga","org.nr. =  22501"
50114,"p",189921,537650,9.0000000000000000e+00,890,"Rietorchis","Dactylorhiza majalis subsp. pr",1,"s","07/09/13 00:00:00","Jan Erik Plantinga","org.nr. =  22502"
50115,"p",189921,537650,9.0000000000000000e+00,456,"Moerasbasterdwederik","Epilobium palustre",1,"s","07/09/13 00:00:00","Jan Erik Plantinga","org.nr. =  22502"
50116,"p",190013,537512,9.0000000000000000e+00,187,"Gewone dotterbloem","Caltha palustris subsp. palust",3,"r","07/09/13 00:00:00","Jan Erik Plantinga","org.nr. =  22504"
50117,"p",190033,537480,9.0000000000000000e+00,1051,"Grote boterbloem","Ranunculus lingua",2,"r","07/09/13 00:00:00","Jan Erik Plantinga","org.nr. =  22506"
50118,"p",189869,537795,9.0000000000000000e+00,821,"Waterdrieblad","Menyanthes trifoliata",2,"s","07/22/13 00:00:00","Jan Erik Plantinga","org.nr. =  22518"
50119,"p",189883,537776,9.0000000000000000e+00,1385,"Moerasviooltje","Viola palustris",3,"r","07/22/13 00:00:00","Jan Erik Plantinga","org.nr. =  22519"
50120,"p",189883,537776,9.0000000000000000e+00,821,"Waterdrieblad","Menyanthes trifoliata",4,"r","07/22/13 00:00:00","Jan Erik Plantinga","org.nr. =  22519"
50121,"p",189914,537724,9.0000000000000000e+00,260,"Snavelzegge","Carex rostrata",4,"r","07/22/13 00:00:00","Jan Erik Plantinga","org.nr. =  22520"
50122,"p",189910,537717,1.0000000000000000e+01,3015,"Gewoon veenmos","Sphagnum palustre",4,"r","07/22/13 00:00:00","Jan Erik Plantinga","org.nr. =  22521"
50123,"p",189852,537783,6.0000000000000000e+00,2991,"Rood schorpioenmos","Scorpidium scorpioides",3,"r","07/22/13 00:00:00","Jan Erik Plantinga","org.nr. =  22524"
50124,"p",189884,537744,9.0000000000000000e+00,221,"Ronde zegge","Carex diandra",2,"s","07/22/13 00:00:00","Jan Erik Plantinga","org.nr. =  22527"
50125,"p",189884,537744,9.0000000000000000e+00,187,"Gewone dotterbloem","Caltha palustris subsp. palust",2,"s","07/22/13 00:00:00","Jan Erik Plantinga","org.nr. =  22527"
50126,"p",189887,537713,6.0000000000000000e+00,2991,"Rood schorpioenmos","Scorpidium scorpioides",2,"r","07/22/13 00:00:00","Jan Erik Plantinga","org.nr. =  22528"
50127,"p",190022,537789,6.0000000000000000e+00,2735,"Groot veenvedermos","Fissidens adianthoides",4,"r","08/20/13 00:00:00","Jan Erik Plantinga","org.nr. =  22531"
50128,"p",190101,537747,9.0000000000000000e+00,221,"Ronde zegge","Carex diandra",3,"r","08/20/13 00:00:00","Jan Erik Plantinga","org.nr. =  22533"
50129,"p",190126,537718,9.0000000000000000e+00,221,"Ronde zegge","Carex diandra",3,"r","08/20/13 00:00:00","Jan Erik Plantinga","org.nr. =  22534"
50130,"p",190166,537692,9.0000000000000000e+00,326,"Waterscheerling","Cicuta virosa",3,"r","08/20/13 00:00:00","Jan Erik Plantinga","org.nr. =  22537"
50131,"p",190172,537659,9.0000000000000000e+00,473,"Gewone dophei","Erica tetralix",1,"s","08/20/13 00:00:00","Jan Erik Plantinga","org.nr. =  22542"
50132,"p",190044,537760,9.0000000000000000e+00,326,"Waterscheerling","Cicuta virosa",1,"s","08/20/13 00:00:00","Jan Erik Plantinga","org.nr. =  22545"
50133,"p",190006,537836,9.0000000000000000e+00,427,"Moerasvaren","Thelypteris palustris",4,"o","08/20/13 00:00:00","Jan Erik Plantinga","org.nr. =  22548"
50134,"p",190006,537836,1.0000000000000000e+01,3028,"Sparrig veenmos","Sphagnum teres",5,"r","08/20/13 00:00:00","Jan Erik Plantinga","org.nr. =  22548"
50135,"p",190006,537836,9.0000000000000000e+00,221,"Ronde zegge","Carex diandra",3,"r","08/20/13 00:00:00","Jan Erik Plantinga","org.nr. =  22548"
50136,"p",190058,537801,6.0000000000000000e+00,2991,"Rood schorpioenmos","Scorpidium scorpioides",3,"r","08/20/13 00:00:00","Jan Erik Plantinga","org.nr. =  22551"
50137,"p",190079,537782,9.0000000000000000e+00,326,"Waterscheerling","Cicuta virosa",1,"s","08/20/13 00:00:00","Jan Erik Plantinga","org.nr. =  22552"
50138,"p",190012,537651,9.0000000000000000e+00,1051,"Grote boterbloem","Ranunculus lingua",3,"r","10/15/13 00:00:00","Jan Erik Plantinga","org.nr. =  22583"
50139,"p",190055,537777,9.0000000000000000e+00,221,"Ronde zegge","Carex diandra",2,"s","10/15/13 00:00:00","Jan Erik Plantinga","org.nr. =  22590"
50140,"p",189988,537820,9.0000000000000000e+00,1051,"Grote boterbloem","Ranunculus lingua",3,"r","10/15/13 00:00:00","Jan Erik Plantinga","org.nr. =  22593"
50141,"p",189988,537820,6.0000000000000000e+00,2991,"Rood schorpioenmos","Scorpidium scorpioides",3,"s","10/15/13 00:00:00","Jan Erik Plantinga","org.nr. =  22593"
50142,"p",189973,537860,9.0000000000000000e+00,221,"Ronde zegge","Carex diandra",2,"s","10/16/13 00:00:00","Jan Erik Plantinga","org.nr. =  22596"
50143,"p",188912,538263,9.0000000000000000e+00,1099,"Waterzuring","Rumex hydrolapathum",1,"s","07/09/13 00:00:00","Theo Jager","org.nr. =  24009"
50144,"p",188522,537972,9.0000000000000000e+00,890,"Rietorchis","Dactylorhiza majalis subsp. pr",2,"s","08/12/13 00:00:00","Theo Jager","org.nr. =  24066"
50145,"p",188488,537859,9.0000000000000000e+00,463,"Holpijp","Equisetum fluviatile",3,"s","08/14/13 00:00:00","Theo Jager","org.nr. =  24069"
50146,"p",188637,537870,9.0000000000000000e+00,1099,"Waterzuring","Rumex hydrolapathum",2,"s","08/16/13 00:00:00","Theo Jager","org.nr. =  24101"
50147,"p",190013,538325,1.0000000000000000e+01,3011,"Hoogveenmos","Sphagnum magellanicum",3,"r","08/28/13 00:00:00","Jan Erik Plantinga","org.nr. =  26004"
50148,"p",189952,538383,9.0000000000000000e+00,997,"Stomp fonteinkruid","Potamogeton obtusifolius",2,"r","08/28/13 00:00:00","Jan Erik Plantinga","org.nr. =  26008"
50149,"p",189952,538383,9.0000000000000000e+00,1255,"Krabbescheer","Stratiotes aloides",2,"s","08/28/13 00:00:00","Jan Erik Plantinga","org.nr. =  26008"
50150,"p",189952,538383,9.0000000000000000e+00,1099,"Waterzuring","Rumex hydrolapathum",2,"r","08/28/13 00:00:00","Jan Erik Plantinga","org.nr. =  26008"
50151,"p",189993,538388,9.0000000000000000e+00,638,"Waterviolier","Hottonia palustris",3,"r","08/28/13 00:00:00","Jan Erik Plantinga","org.nr. =  26010"
50152,"p",190014,538370,9.0000000000000000e+00,221,"Ronde zegge","Carex diandra",1,"s","08/28/13 00:00:00","Jan Erik Plantinga","org.nr. =  26011"
50153,"p",190008,538386,9.0000000000000000e+00,549,"Liggend walstro","Galium saxatile",4,"r","08/28/13 00:00:00","Jan Erik Plantinga","org.nr. =  26014"
50154,"p",189988,538395,9.0000000000000000e+00,1051,"Grote boterbloem","Ranunculus lingua",2,"r","08/28/13 00:00:00","Jan Erik Plantinga","org.nr. =  26015"
50155,"p",189988,538395,9.0000000000000000e+00,1099,"Waterzuring","Rumex hydrolapathum",2,"r","08/28/13 00:00:00","Jan Erik Plantinga","org.nr. =  26015"
50156,"p",189988,538395,9.0000000000000000e+00,212,"Moeraszegge","Carex acutiformis",2,"s","08/28/13 00:00:00","Jan Erik Plantinga","org.nr. =  26015"
50157,"p",190214,538171,9.0000000000000000e+00,1230,"Kleinste egelskop","Sparganium natans",4,"r","08/28/13 00:00:00","Jan Erik Plantinga","org.nr. =  26020"
50158,"p",190214,538171,9.0000000000000000e+00,997,"Stomp fonteinkruid","Potamogeton obtusifolius",3,"r","08/28/13 00:00:00","Jan Erik Plantinga","org.nr. =  26020"
50159,"p",190136,538335,9.0000000000000000e+00,1255,"Krabbescheer","Stratiotes aloides",4,"r","08/28/13 00:00:00","Jan Erik Plantinga","org.nr. =  26023"
50160,"p",190017,538401,9.0000000000000000e+00,549,"Liggend walstro","Galium saxatile",2,"s","08/28/13 00:00:00","Jan Erik Plantinga","org.nr. =  26024"
50161,"p",190351,537946,9.0000000000000000e+00,1324,"Klein blaasjeskruid","Utricularia minor",3,"r","09/24/13 00:00:00","Jan Erik Plantinga","org.nr. =  26034"
50162,"p",190351,537946,9.0000000000000000e+00,1099,"Waterzuring","Rumex hydrolapathum",1,"s","09/24/13 00:00:00","Jan Erik Plantinga","org.nr. =  26034"
50163,"p",190351,537946,9.0000000000000000e+00,212,"Moeraszegge","Carex acutiformis",3,"r","09/24/13 00:00:00","Jan Erik Plantinga","org.nr. =  26034"
50164,"p",189928,538346,1.0000000000000000e+01,3011,"Hoogveenmos","Sphagnum magellanicum",3,"s","09/24/13 00:00:00","Jan Erik Plantinga","org.nr. =  26039"
50165,"p",190072,538156,1.0000000000000000e+01,3011,"Hoogveenmos","Sphagnum magellanicum",3,"s","09/30/13 00:00:00","Jan Erik Plantinga","org.nr. =  26044"
50166,"p",190103,538124,1.0000000000000000e+01,3011,"Hoogveenmos","Sphagnum magellanicum",4,"r","09/30/13 00:00:00","Jan Erik Plantinga","org.nr. =  26045"
50167,"p",190106,538095,1.0000000000000000e+01,3011,"Hoogveenmos","Sphagnum magellanicum",3,"s","09/30/13 00:00:00","Jan Erik Plantinga","org.nr. =  26046"
50168,"p",189938,538356,1.0000000000000000e+01,3011,"Hoogveenmos","Sphagnum magellanicum",3,"s","10/01/13 00:00:00","Jan Erik Plantinga","org.nr. =  26051"
50169,"p",189946,538354,9.0000000000000000e+00,1255,"Krabbescheer","Stratiotes aloides",3,"s","10/01/13 00:00:00","Jan Erik Plantinga","org.nr. =  26052"
50170,"p",189946,538354,9.0000000000000000e+00,337,"Galigaan","Cladium mariscus",3,"s","10/01/13 00:00:00","Jan Erik Plantinga","org.nr. =  26052"
50171,"p",189937,538373,1.0000000000000000e+01,3011,"Hoogveenmos","Sphagnum magellanicum",4,"r","10/01/13 00:00:00","Jan Erik Plantinga","org.nr. =  26054"
50172,"p",189970,538332,1.0000000000000000e+01,3174,"Rood veenmos","Sphagnum rubellum",4,"r","10/01/13 00:00:00","Jan Erik Plantinga","org.nr. =  26061"
50173,"p",190301,537914,9.0000000000000000e+00,1230,"Kleinste egelskop","Sparganium natans",3,"s","09/30/13 00:00:00","Jan Erik Plantinga","org.nr. =  26065"
50174,"p",190162,538105,9.0000000000000000e+00,1230,"Kleinste egelskop","Sparganium natans",2,"s","09/30/13 00:00:00","Jan Erik Plantinga","org.nr. =  26070"
50175,"p",190023,537677,9.0000000000000000e+00,418,"Ronde zonnedauw","Drosera rotundifolia",2,"s","06/21/13 00:00:00","Klaas van der Veen","org.nr. =  26105"
50176,"p",190023,537677,1.0000000000000000e+01,3024,"Glanzend veenmos","Sphagnum subnitens",4,"s","06/21/13 00:00:00","Klaas van der Veen","org.nr. =  26105"
50177,"p",189941,537771,9.0000000000000000e+00,549,"Liggend walstro","Galium saxatile",4,"s","06/21/13 00:00:00","Klaas van der Veen","org.nr. =  26108"
50178,"p",189995,537804,1.0000000000000000e+01,3011,"Hoogveenmos","Sphagnum magellanicum",4,"s","06/21/13 00:00:00","Klaas van der Veen","org.nr. =  26111"
50179,"p",189995,537804,1.0000000000000000e+01,3024,"Glanzend veenmos","Sphagnum subnitens",5,"s","06/21/13 00:00:00","Klaas van der Veen","org.nr. =  26111"
50180,"p",189981,537836,9.0000000000000000e+00,420,"Kamvaren","Dryopteris cristata",1,"s","06/21/13 00:00:00","Klaas van der Veen","org.nr. =  26114"
50181,"p",189974,537847,9.0000000000000000e+00,549,"Liggend walstro","Galium saxatile",2,"s","06/21/13 00:00:00","Klaas van der Veen","org.nr. =  26115"
50182,"p",190196,537941,9.0000000000000000e+00,549,"Liggend walstro","Galium saxatile",3,"s","06/21/13 00:00:00","Klaas van der Veen","org.nr. =  26117"
50183,"p",190171,537968,9.0000000000000000e+00,923,"Moeraskartelblad","Pedicularis palustris",3,"r","06/21/13 00:00:00","Klaas van der Veen","org.nr. =  26119"
50184,"p",189897,538360,9.0000000000000000e+00,1183,"Waterkruiskruid","Senecio aquaticus",3,"s","06/21/13 00:00:00","Klaas van der Veen","org.nr. =  26134"
50185,"p",190019,537963,9.0000000000000000e+00,473,"Gewone dophei","Erica tetralix",1,"s","07/29/13 00:00:00","Jan Erik Plantinga","org.nr. =  26136"
50186,"p",190016,537987,1.0000000000000000e+01,3015,"Gewoon veenmos","Sphagnum palustre",4,"r","07/29/13 00:00:00","Jan Erik Plantinga","org.nr. =  26138"
50187,"p",190016,537987,9.0000000000000000e+00,337,"Galigaan","Cladium mariscus",1,"s","07/29/13 00:00:00","Jan Erik Plantinga","org.nr. =  26138"
50188,"p",190019,538007,9.0000000000000000e+00,473,"Gewone dophei","Erica tetralix",2,"s","07/29/13 00:00:00","Jan Erik Plantinga","org.nr. =  26139"
50189,"p",190012,537993,9.0000000000000000e+00,337,"Galigaan","Cladium mariscus",1,"s","07/29/13 00:00:00","Jan Erik Plantinga","org.nr. =  26140"
50190,"p",189989,538031,9.0000000000000000e+00,332,"Spaanse ruiter","Cirsium dissectum",2,"r","07/29/13 00:00:00","Jan Erik Plantinga","org.nr. =  26141"
50191,"p",189989,538031,9.0000000000000000e+00,473,"Gewone dophei","Erica tetralix",1,"s","07/29/13 00:00:00","Jan Erik Plantinga","org.nr. =  26141"
50192,"p",189967,538077,9.0000000000000000e+00,821,"Waterdrieblad","Menyanthes trifoliata",5,"r","07/29/13 00:00:00","Jan Erik Plantinga","org.nr. =  26142"
50193,"p",189953,538084,9.0000000000000000e+00,473,"Gewone dophei","Erica tetralix",1,"s","07/29/13 00:00:00","Jan Erik Plantinga","org.nr. =  26144"
50194,"p",189974,538080,1.0000000000000000e+01,3015,"Gewoon veenmos","Sphagnum palustre",4,"r","07/29/13 00:00:00","Jan Erik Plantinga","org.nr. =  26146"
50195,"p",190003,538040,9.0000000000000000e+00,821,"Waterdrieblad","Menyanthes trifoliata",4,"s","07/29/13 00:00:00","Jan Erik Plantinga","org.nr. =  26147"
50196,"p",190003,538040,9.0000000000000000e+00,688,"Padderus","Juncus subnodulosus",4,"s","07/29/13 00:00:00","Jan Erik Plantinga","org.nr. =  26147"
50197,"p",190003,538040,9.0000000000000000e+00,212,"Moeraszegge","Carex acutiformis",3,"s","07/29/13 00:00:00","Jan Erik Plantinga","org.nr. =  26147"
50198,"p",190003,538040,9.0000000000000000e+00,346,"Wateraardbei","Comarum palustris",2,"r","07/29/13 00:00:00","Jan Erik Plantinga","org.nr. =  26147"
50199,"p",189967,538226,9.0000000000000000e+00,821,"Waterdrieblad","Menyanthes trifoliata",3,"s","07/29/13 00:00:00","Jan Erik Plantinga","org.nr. =  26149"
50200,"p",189973,538221,9.0000000000000000e+00,821,"Waterdrieblad","Menyanthes trifoliata",2,"s","07/29/13 00:00:00","Jan Erik Plantinga","org.nr. =  26150"
50201,"p",189982,538208,6.0000000000000000e+00,2991,"Rood schorpioenmos","Scorpidium scorpioides",3,"r","07/29/13 00:00:00","Jan Erik Plantinga","org.nr. =  26151"
50202,"p",189982,538208,9.0000000000000000e+00,821,"Waterdrieblad","Menyanthes trifoliata",4,"r","07/29/13 00:00:00","Jan Erik Plantinga","org.nr. =  26151"
50203,"p",190001,538185,6.0000000000000000e+00,2991,"Rood schorpioenmos","Scorpidium scorpioides",5,"r","07/29/13 00:00:00","Jan Erik Plantinga","org.nr. =  26152"
50204,"p",190009,538172,6.0000000000000000e+00,2991,"Rood schorpioenmos","Scorpidium scorpioides",1,"s","07/29/13 00:00:00","Jan Erik Plantinga","org.nr. =  26153"
50205,"p",190009,538172,9.0000000000000000e+00,337,"Galigaan","Cladium mariscus",2,"s","07/29/13 00:00:00","Jan Erik Plantinga","org.nr. =  26153"
50206,"p",190138,537977,9.0000000000000000e+00,239,"Draadzegge","Carex lasiocarpa",3,"s","07/29/13 00:00:00","Jan Erik Plantinga","org.nr. =  26154"
50207,"p",190138,537977,9.0000000000000000e+00,212,"Moeraszegge","Carex acutiformis",2,"s","07/29/13 00:00:00","Jan Erik Plantinga","org.nr. =  26154"
50208,"p",190138,537977,9.0000000000000000e+00,221,"Ronde zegge","Carex diandra",2,"r","07/29/13 00:00:00","Jan Erik Plantinga","org.nr. =  26154"
50209,"p",190138,537977,9.0000000000000000e+00,337,"Galigaan","Cladium mariscus",1,"s","07/29/13 00:00:00","Jan Erik Plantinga","org.nr. =  26154"
50210,"p",190138,537977,6.0000000000000000e+00,2991,"Rood schorpioenmos","Scorpidium scorpioides",3,"r","07/29/13 00:00:00","Jan Erik Plantinga","org.nr. =  26154"
50211,"p",190138,537977,1.0000000000000000e+01,3024,"Glanzend veenmos","Sphagnum subnitens",3,"s","07/29/13 00:00:00","Jan Erik Plantinga","org.nr. =  26154"
50212,"p",190013,538163,6.0000000000000000e+00,2991,"Rood schorpioenmos","Scorpidium scorpioides",3,"r","07/29/13 00:00:00","Jan Erik Plantinga","org.nr. =  26156"
50213,"p",190013,538163,9.0000000000000000e+00,337,"Galigaan","Cladium mariscus",4,"r","07/29/13 00:00:00","Jan Erik Plantinga","org.nr. =  26156"
50214,"p",190013,538163,9.0000000000000000e+00,1385,"Moerasviooltje","Viola palustris",3,"s","07/29/13 00:00:00","Jan Erik Plantinga","org.nr. =  26156"
50215,"p",190013,538163,9.0000000000000000e+00,239,"Draadzegge","Carex lasiocarpa",4,"r","07/29/13 00:00:00","Jan Erik Plantinga","org.nr. =  26156"
50216,"p",190013,538163,9.0000000000000000e+00,748,"Groenknolorchis","Liparis loeselii",1,"s","07/29/13 00:00:00","Jan Erik Plantinga","org.nr. =  26156"
50217,"p",190035,538137,9.0000000000000000e+00,237,"Stijve zegge","Carex elata",1,"s","07/29/13 00:00:00","Jan Erik Plantinga","org.nr. =  26157"
50218,"p",190035,538137,9.0000000000000000e+00,337,"Galigaan","Cladium mariscus",3,"s","07/29/13 00:00:00","Jan Erik Plantinga","org.nr. =  26157"
50219,"p",190035,538137,6.0000000000000000e+00,2991,"Rood schorpioenmos","Scorpidium scorpioides",4,"r","07/29/13 00:00:00","Jan Erik Plantinga","org.nr. =  26157"
50220,"p",190035,538137,1.0000000000000000e+01,3024,"Glanzend veenmos","Sphagnum subnitens",4,"r","07/29/13 00:00:00","Jan Erik Plantinga","org.nr. =  26157"
50221,"p",190035,538137,9.0000000000000000e+00,221,"Ronde zegge","Carex diandra",2,"r","07/29/13 00:00:00","Jan Erik Plantinga","org.nr. =  26157"
50222,"p",190073,537976,9.0000000000000000e+00,924,"Heidekartelblad","Pedicularis sylvatica",3,"r","07/29/13 00:00:00","Jan Erik Plantinga","org.nr. =  26158"
50223,"p",190073,537976,9.0000000000000000e+00,186,"Struikhei","Calluna vulgaris",1,"s","07/29/13 00:00:00","Jan Erik Plantinga","org.nr. =  26158"
50224,"p",190073,537976,1.0000000000000000e+01,3016,"Wrattig veenmos","Sphagnum papillosum",4,"s","07/29/13 00:00:00","Jan Erik Plantinga","org.nr. =  26158"
50225,"p",190062,537993,9.0000000000000000e+00,924,"Heidekartelblad","Pedicularis sylvatica",3,"s","07/29/13 00:00:00","Jan Erik Plantinga","org.nr. =  26159"
50226,"p",189975,538123,9.0000000000000000e+00,1323,"Plat blaasjeskruid","Utricularia intermedia",2,"s","07/29/13 00:00:00","Jan Erik Plantinga","org.nr. =  26160"
50227,"p",189992,538106,6.0000000000000000e+00,2991,"Rood schorpioenmos","Scorpidium scorpioides",3,"r","07/29/13 00:00:00","Jan Erik Plantinga","org.nr. =  26161"
50228,"p",189968,538113,9.0000000000000000e+00,1323,"Plat blaasjeskruid","Utricularia intermedia",3,"r","07/29/13 00:00:00","Jan Erik Plantinga","org.nr. =  26162"
50229,"p",189996,538203,9.0000000000000000e+00,337,"Galigaan","Cladium mariscus",3,"s","07/29/13 00:00:00","Jan Erik Plantinga","org.nr. =  26164"
50230,"p",190040,538128,1.0000000000000000e+01,3024,"Glanzend veenmos","Sphagnum subnitens",4,"r","07/31/13 00:00:00","Jan Erik Plantinga","org.nr. =  26168"
50231,"p",190040,538128,6.0000000000000000e+00,2991,"Rood schorpioenmos","Scorpidium scorpioides",3,"r","07/31/13 00:00:00","Jan Erik Plantinga","org.nr. =  26168"
50232,"p",190040,538128,9.0000000000000000e+00,337,"Galigaan","Cladium mariscus",3,"s","07/31/13 00:00:00","Jan Erik Plantinga","org.nr. =  26168"
50233,"p",190040,538128,9.0000000000000000e+00,221,"Ronde zegge","Carex diandra",1,"s","07/31/13 00:00:00","Jan Erik Plantinga","org.nr. =  26168"
50234,"p",190049,538124,1.0000000000000000e+01,3016,"Wrattig veenmos","Sphagnum papillosum",4,"s","07/31/13 00:00:00","Jan Erik Plantinga","org.nr. =  26169"
50235,"p",190017,537980,9.0000000000000000e+00,260,"Snavelzegge","Carex rostrata",5,"r","08/06/13 00:00:00","Jan Erik Plantinga","org.nr. =  26175"
50236,"p",190019,537957,9.0000000000000000e+00,473,"Gewone dophei","Erica tetralix",1,"s","08/06/13 00:00:00","Jan Erik Plantinga","org.nr. =  26177"
50237,"p",190008,537960,9.0000000000000000e+00,821,"Waterdrieblad","Menyanthes trifoliata",4,"s","08/06/13 00:00:00","Jan Erik Plantinga","org.nr. =  26178"
50238,"p",189981,537994,9.0000000000000000e+00,821,"Waterdrieblad","Menyanthes trifoliata",4,"s","08/06/13 00:00:00","Jan Erik Plantinga","org.nr. =  26179"
50239,"p",189976,538003,9.0000000000000000e+00,821,"Waterdrieblad","Menyanthes trifoliata",4,"s","08/06/13 00:00:00","Jan Erik Plantinga","org.nr. =  26180"
50240,"p",189972,538043,9.0000000000000000e+00,332,"Spaanse ruiter","Cirsium dissectum",3,"a","08/06/13 00:00:00","Jan Erik Plantinga","org.nr. =  26182"
50241,"p",189972,538048,9.0000000000000000e+00,228,"Sterzegge","Carex echinata",2,"s","08/06/13 00:00:00","Jan Erik Plantinga","org.nr. =  26183"
50242,"p",189972,538048,9.0000000000000000e+00,821,"Waterdrieblad","Menyanthes trifoliata",4,"r","08/06/13 00:00:00","Jan Erik Plantinga","org.nr. =  26183"
50243,"p",189972,538048,9.0000000000000000e+00,332,"Spaanse ruiter","Cirsium dissectum",4,"r","08/06/13 00:00:00","Jan Erik Plantinga","org.nr. =  26183"
50244,"p",189972,538048,1.0000000000000000e+01,3024,"Glanzend veenmos","Sphagnum subnitens",3,"r","08/06/13 00:00:00","Jan Erik Plantinga","org.nr. =  26183"
50245,"p",189972,538048,9.0000000000000000e+00,337,"Galigaan","Cladium mariscus",3,"r","08/06/13 00:00:00","Jan Erik Plantinga","org.nr. =  26183"
50246,"p",189953,538075,9.0000000000000000e+00,924,"Heidekartelblad","Pedicularis sylvatica",2,"s","08/06/13 00:00:00","Jan Erik Plantinga","org.nr. =  26186"
50247,"p",189953,538075,9.0000000000000000e+00,332,"Spaanse ruiter","Cirsium dissectum",4,"r","08/06/13 00:00:00","Jan Erik Plantinga","org.nr. =  26186"
50248,"p",189953,538075,9.0000000000000000e+00,1385,"Moerasviooltje","Viola palustris",3,"r","08/06/13 00:00:00","Jan Erik Plantinga","org.nr. =  26186"
50249,"p",189953,538075,9.0000000000000000e+00,337,"Galigaan","Cladium mariscus",4,"s","08/06/13 00:00:00","Jan Erik Plantinga","org.nr. =  26186"
50250,"p",189961,538068,9.0000000000000000e+00,1385,"Moerasviooltje","Viola palustris",3,"r","08/06/13 00:00:00","Jan Erik Plantinga","org.nr. =  26187"
50251,"p",189961,538068,9.0000000000000000e+00,337,"Galigaan","Cladium mariscus",3,"s","08/06/13 00:00:00","Jan Erik Plantinga","org.nr. =  26187"
50252,"p",189961,538068,9.0000000000000000e+00,332,"Spaanse ruiter","Cirsium dissectum",4,"r","08/06/13 00:00:00","Jan Erik Plantinga","org.nr. =  26187"
50253,"p",189961,538068,9.0000000000000000e+00,924,"Heidekartelblad","Pedicularis sylvatica",3,"r","08/06/13 00:00:00","Jan Erik Plantinga","org.nr. =  26187"
50254,"p",189994,537959,9.0000000000000000e+00,821,"Waterdrieblad","Menyanthes trifoliata",2,"s","08/06/13 00:00:00","Jan Erik Plantinga","org.nr. =  26189"
50255,"p",189994,537959,9.0000000000000000e+00,473,"Gewone dophei","Erica tetralix",2,"s","08/06/13 00:00:00","Jan Erik Plantinga","org.nr. =  26189"
50256,"p",189994,537959,9.0000000000000000e+00,924,"Heidekartelblad","Pedicularis sylvatica",3,"r","08/06/13 00:00:00","Jan Erik Plantinga","org.nr. =  26189"
50257,"p",190078,537978,9.0000000000000000e+00,332,"Spaanse ruiter","Cirsium dissectum",2,"s","08/06/13 00:00:00","Jan Erik Plantinga","org.nr. =  26190"
50258,"p",190078,537978,9.0000000000000000e+00,924,"Heidekartelblad","Pedicularis sylvatica",2,"s","08/06/13 00:00:00","Jan Erik Plantinga","org.nr. =  26190"
50259,"p",189961,538009,9.0000000000000000e+00,473,"Gewone dophei","Erica tetralix",1,"s","08/06/13 00:00:00","Jan Erik Plantinga","org.nr. =  26193"
50260,"p",189944,538025,9.0000000000000000e+00,924,"Heidekartelblad","Pedicularis sylvatica",2,"r","08/06/13 00:00:00","Jan Erik Plantinga","org.nr. =  26194"
50261,"p",189944,538025,9.0000000000000000e+00,473,"Gewone dophei","Erica tetralix",1,"s","08/06/13 00:00:00","Jan Erik Plantinga","org.nr. =  26194"
50262,"p",189938,538050,9.0000000000000000e+00,821,"Waterdrieblad","Menyanthes trifoliata",4,"s","08/06/13 00:00:00","Jan Erik Plantinga","org.nr. =  26198"
50263,"p",189990,537948,9.0000000000000000e+00,1230,"Kleinste egelskop","Sparganium natans",2,"s","08/06/13 00:00:00","Jan Erik Plantinga","org.nr. =  26199"
50264,"p",189990,537948,1.0000000000000000e+01,3028,"Sparrig veenmos","Sphagnum teres",2,"s","08/06/13 00:00:00","Jan Erik Plantinga","org.nr. =  26199"
50265,"p",190000,537950,9.0000000000000000e+00,924,"Heidekartelblad","Pedicularis sylvatica",3,"r","08/06/13 00:00:00","Jan Erik Plantinga","org.nr. =  26201"
50266,"p",190000,537950,9.0000000000000000e+00,1385,"Moerasviooltje","Viola palustris",2,"r","08/06/13 00:00:00","Jan Erik Plantinga","org.nr. =  26201"
50267,"p",190000,537950,9.0000000000000000e+00,473,"Gewone dophei","Erica tetralix",1,"r","08/06/13 00:00:00","Jan Erik Plantinga","org.nr. =  26201"
50268,"p",189982,537974,9.0000000000000000e+00,420,"Kamvaren","Dryopteris cristata",2,"s","08/06/13 00:00:00","Jan Erik Plantinga","org.nr. =  26202"
50269,"p",189982,537974,9.0000000000000000e+00,473,"Gewone dophei","Erica tetralix",2,"r","08/06/13 00:00:00","Jan Erik Plantinga","org.nr. =  26202"
50270,"p",190001,537968,9.0000000000000000e+00,821,"Waterdrieblad","Menyanthes trifoliata",2,"s","08/06/13 00:00:00","Jan Erik Plantinga","org.nr. =  26204"
50271,"p",189917,538074,9.0000000000000000e+00,260,"Snavelzegge","Carex rostrata",5,"r","08/06/13 00:00:00","Jan Erik Plantinga","org.nr. =  26206"
50272,"p",190049,537977,9.0000000000000000e+00,1230,"Kleinste egelskop","Sparganium natans",3,"r","08/06/13 00:00:00","Jan Erik Plantinga","org.nr. =  26209"
50273,"p",190081,537960,9.0000000000000000e+00,473,"Gewone dophei","Erica tetralix",1,"s","08/06/13 00:00:00","Jan Erik Plantinga","org.nr. =  26212"
50274,"p",190135,537881,9.0000000000000000e+00,332,"Spaanse ruiter","Cirsium dissectum",3,"s","08/06/13 00:00:00","Jan Erik Plantinga","org.nr. =  26214"
50275,"p",190147,537880,9.0000000000000000e+00,1332,"Kleine valeriaan","Valeriana dioica",2,"s","08/06/13 00:00:00","Jan Erik Plantinga","org.nr. =  26215"
50276,"p",190155,537870,9.0000000000000000e+00,1332,"Kleine valeriaan","Valeriana dioica",2,"s","08/06/13 00:00:00","Jan Erik Plantinga","org.nr. =  26216"
50277,"p",190164,537860,9.0000000000000000e+00,237,"Stijve zegge","Carex elata",1,"s","08/06/13 00:00:00","Jan Erik Plantinga","org.nr. =  26217"
50278,"p",190164,537860,9.0000000000000000e+00,220,"Geelgroene zegge","Carex oederi subsp. oedocarpa",2,"s","08/06/13 00:00:00","Jan Erik Plantinga","org.nr. =  26217"
50279,"p",190174,537832,9.0000000000000000e+00,332,"Spaanse ruiter","Cirsium dissectum",3,"a","08/06/13 00:00:00","Jan Erik Plantinga","org.nr. =  26218"
50280,"p",190265,537737,9.0000000000000000e+00,821,"Waterdrieblad","Menyanthes trifoliata",3,"r","08/06/13 00:00:00","Jan Erik Plantinga","org.nr. =  26219"
50281,"p",190232,537788,9.0000000000000000e+00,821,"Waterdrieblad","Menyanthes trifoliata",4,"r","08/06/13 00:00:00","Jan Erik Plantinga","org.nr. =  26223"
50282,"p",190217,537815,9.0000000000000000e+00,332,"Spaanse ruiter","Cirsium dissectum",3,"r","08/06/13 00:00:00","Jan Erik Plantinga","org.nr. =  26224"
50283,"p",190199,537841,9.0000000000000000e+00,332,"Spaanse ruiter","Cirsium dissectum",2,"s","08/06/13 00:00:00","Jan Erik Plantinga","org.nr. =  26225"
50284,"p",190164,537877,9.0000000000000000e+00,332,"Spaanse ruiter","Cirsium dissectum",3,"s","08/06/13 00:00:00","Jan Erik Plantinga","org.nr. =  26226"
50285,"p",190164,537877,9.0000000000000000e+00,821,"Waterdrieblad","Menyanthes trifoliata",4,"r","08/06/13 00:00:00","Jan Erik Plantinga","org.nr. =  26226"
50286,"p",190156,537881,9.0000000000000000e+00,821,"Waterdrieblad","Menyanthes trifoliata",4,"r","08/06/13 00:00:00","Jan Erik Plantinga","org.nr. =  26227"
50287,"p",190183,537926,9.0000000000000000e+00,821,"Waterdrieblad","Menyanthes trifoliata",4,"r","08/06/13 00:00:00","Jan Erik Plantinga","org.nr. =  26229"
50288,"p",190183,537926,9.0000000000000000e+00,473,"Gewone dophei","Erica tetralix",3,"r","08/06/13 00:00:00","Jan Erik Plantinga","org.nr. =  26229"
50289,"p",190179,537934,9.0000000000000000e+00,924,"Heidekartelblad","Pedicularis sylvatica",3,"r","08/06/13 00:00:00","Jan Erik Plantinga","org.nr. =  26230"
50290,"p",190136,537970,9.0000000000000000e+00,1332,"Kleine valeriaan","Valeriana dioica",3,"s","05/24/13 00:00:00","Jan Erik Plantinga","org.nr. =  26232"
50291,"p",190138,537966,9.0000000000000000e+00,337,"Galigaan","Cladium mariscus",2,"s","05/24/13 00:00:00","Jan Erik Plantinga","org.nr. =  26233"
50292,"p",190160,537943,9.0000000000000000e+00,332,"Spaanse ruiter","Cirsium dissectum",3,"r","05/24/13 00:00:00","Jan Erik Plantinga","org.nr. =  26234"
50293,"p",190160,537943,9.0000000000000000e+00,924,"Heidekartelblad","Pedicularis sylvatica",2,"r","05/24/13 00:00:00","Jan Erik Plantinga","org.nr. =  26234"
50294,"p",190160,537943,9.0000000000000000e+00,1332,"Kleine valeriaan","Valeriana dioica",2,"r","05/24/13 00:00:00","Jan Erik Plantinga","org.nr. =  26234"
50295,"p",190150,537964,9.0000000000000000e+00,473,"Gewone dophei","Erica tetralix",2,"r","05/24/13 00:00:00","Jan Erik Plantinga","org.nr. =  26235"
50296,"p",190150,537964,9.0000000000000000e+00,924,"Heidekartelblad","Pedicularis sylvatica",1,"s","05/24/13 00:00:00","Jan Erik Plantinga","org.nr. =  26235"
50297,"p",190297,537822,9.0000000000000000e+00,332,"Spaanse ruiter","Cirsium dissectum",1,"s","05/24/13 00:00:00","Jan Erik Plantinga","org.nr. =  26236"
50298,"p",190130,537984,9.0000000000000000e+00,337,"Galigaan","Cladium mariscus",2,"s","05/24/13 00:00:00","Jan Erik Plantinga","org.nr. =  26240"
50299,"p",190132,537981,9.0000000000000000e+00,924,"Heidekartelblad","Pedicularis sylvatica",3,"s","05/24/13 00:00:00","Jan Erik Plantinga","org.nr. =  26242"
50300,"p",190132,537981,9.0000000000000000e+00,332,"Spaanse ruiter","Cirsium dissectum",2,"s","05/24/13 00:00:00","Jan Erik Plantinga","org.nr. =  26242"
50301,"p",190140,537991,9.0000000000000000e+00,924,"Heidekartelblad","Pedicularis sylvatica",3,"r","05/24/13 00:00:00","Jan Erik Plantinga","org.nr. =  26243"
50302,"p",190140,537991,9.0000000000000000e+00,473,"Gewone dophei","Erica tetralix",2,"r","05/24/13 00:00:00","Jan Erik Plantinga","org.nr. =  26243"
50303,"p",190140,537991,9.0000000000000000e+00,332,"Spaanse ruiter","Cirsium dissectum",3,"r","05/24/13 00:00:00","Jan Erik Plantinga","org.nr. =  26243"
50304,"p",190285,537796,9.0000000000000000e+00,326,"Waterscheerling","Cicuta virosa",1,"s","08/07/13 00:00:00","Jan Erik Plantinga","org.nr. =  26251"
50305,"p",190168,537926,9.0000000000000000e+00,332,"Spaanse ruiter","Cirsium dissectum",2,"s","08/07/13 00:00:00","Jan Erik Plantinga","org.nr. =  26254"
50306,"p",190168,537926,9.0000000000000000e+00,237,"Stijve zegge","Carex elata",1,"s","08/07/13 00:00:00","Jan Erik Plantinga","org.nr. =  26254"
50307,"p",190168,537926,9.0000000000000000e+00,1332,"Kleine valeriaan","Valeriana dioica",2,"s","08/07/13 00:00:00","Jan Erik Plantinga","org.nr. =  26254"
50308,"p",190152,537953,9.0000000000000000e+00,332,"Spaanse ruiter","Cirsium dissectum",3,"r","08/07/13 00:00:00","Jan Erik Plantinga","org.nr. =  26255"
50309,"p",190127,537976,9.0000000000000000e+00,821,"Waterdrieblad","Menyanthes trifoliata",3,"s","08/07/13 00:00:00","Jan Erik Plantinga","org.nr. =  26259"
50310,"p",190095,537958,9.0000000000000000e+00,332,"Spaanse ruiter","Cirsium dissectum",3,"r","08/07/13 00:00:00","Jan Erik Plantinga","org.nr. =  26260"
50311,"p",190134,537897,9.0000000000000000e+00,332,"Spaanse ruiter","Cirsium dissectum",3,"s","08/07/13 00:00:00","Jan Erik Plantinga","org.nr. =  26263"
50312,"p",190246,537868,9.0000000000000000e+00,924,"Heidekartelblad","Pedicularis sylvatica",4,"r","08/07/13 00:00:00","Jan Erik Plantinga","org.nr. =  26264"
50313,"p",190370,537665,9.0000000000000000e+00,821,"Waterdrieblad","Menyanthes trifoliata",4,"r","08/07/13 00:00:00","Jan Erik Plantinga","org.nr. =  26267"
50314,"p",190363,537687,9.0000000000000000e+00,239,"Draadzegge","Carex lasiocarpa",4,"r","08/29/13 00:00:00","Jan Erik Plantinga","org.nr. =  26268"
50315,"p",190340,537698,9.0000000000000000e+00,260,"Snavelzegge","Carex rostrata",4,"s","08/07/13 00:00:00","Jan Erik Plantinga","org.nr. =  26269"
50316,"p",190322,537738,9.0000000000000000e+00,239,"Draadzegge","Carex lasiocarpa",3,"r","08/07/13 00:00:00","Jan Erik Plantinga","org.nr. =  26270"
50317,"p",190222,537796,9.0000000000000000e+00,924,"Heidekartelblad","Pedicularis sylvatica",3,"r","08/07/13 00:00:00","Jan Erik Plantinga","org.nr. =  26273"
50318,"p",190190,537843,9.0000000000000000e+00,332,"Spaanse ruiter","Cirsium dissectum",4,"s","08/07/13 00:00:00","Jan Erik Plantinga","org.nr. =  26274"
50319,"p",190151,537893,9.0000000000000000e+00,332,"Spaanse ruiter","Cirsium dissectum",4,"r","08/07/13 00:00:00","Jan Erik Plantinga","org.nr. =  26278"
50320,"p",190258,537746,9.0000000000000000e+00,332,"Spaanse ruiter","Cirsium dissectum",4,"s","08/10/13 00:00:00","Jan Erik Plantinga","org.nr. =  26281"
50321,"p",190249,537752,9.0000000000000000e+00,332,"Spaanse ruiter","Cirsium dissectum",3,"s","08/10/13 00:00:00","Jan Erik Plantinga","org.nr. =  26282"
50322,"p",190006,538117,6.0000000000000000e+00,2991,"Rood schorpioenmos","Scorpidium scorpioides",3,"r","08/10/13 00:00:00","Jan Erik Plantinga","org.nr. =  26284"
50323,"p",190053,538061,9.0000000000000000e+00,748,"Groenknolorchis","Liparis loeselii",1,"s","08/10/13 00:00:00","Jan Erik Plantinga","org.nr. =  26285"
50324,"p",190032,538081,9.0000000000000000e+00,337,"Galigaan","Cladium mariscus",2,"s","08/10/13 00:00:00","Jan Erik Plantinga","org.nr. =  26287"
50325,"p",190032,538081,6.0000000000000000e+00,2629,"Sterre-goudmos","Campylium stellatum",3,"r","08/10/13 00:00:00","Jan Erik Plantinga","org.nr. =  26287"
50326,"p",190027,538072,6.0000000000000000e+00,2991,"Rood schorpioenmos","Scorpidium scorpioides",4,"r","08/10/13 00:00:00","Jan Erik Plantinga","org.nr. =  26288"
50327,"p",189980,538080,9.0000000000000000e+00,1230,"Kleinste egelskop","Sparganium natans",4,"r","08/20/13 00:00:00","Jan Erik Plantinga","org.nr. =  26291"
50328,"p",189985,538067,9.0000000000000000e+00,332,"Spaanse ruiter","Cirsium dissectum",3,"s","08/20/13 00:00:00","Jan Erik Plantinga","org.nr. =  26293"
50329,"p",190008,538152,9.0000000000000000e+00,337,"Galigaan","Cladium mariscus",3,"r","08/20/13 00:00:00","Jan Erik Plantinga","org.nr. =  26294"
50330,"p",190098,538040,9.0000000000000000e+00,337,"Galigaan","Cladium mariscus",3,"s","08/20/13 00:00:00","Jan Erik Plantinga","org.nr. =  26299"
50331,"p",189959,538101,9.0000000000000000e+00,1230,"Kleinste egelskop","Sparganium natans",3,"r","08/20/13 00:00:00","Jan Erik Plantinga","org.nr. =  26306"
50332,"p",189959,538101,9.0000000000000000e+00,1385,"Moerasviooltje","Viola palustris",2,"r","08/20/13 00:00:00","Jan Erik Plantinga","org.nr. =  26306"
50333,"p",189959,538101,9.0000000000000000e+00,248,"Blauwe zegge","Carex panicea",4,"r","08/20/13 00:00:00","Jan Erik Plantinga","org.nr. =  26306"
50334,"p",189959,538101,9.0000000000000000e+00,924,"Heidekartelblad","Pedicularis sylvatica",4,"r","08/20/13 00:00:00","Jan Erik Plantinga","org.nr. =  26306"
50335,"p",189959,538101,1.0000000000000000e+01,3024,"Glanzend veenmos","Sphagnum subnitens",3,"r","08/20/13 00:00:00","Jan Erik Plantinga","org.nr. =  26306"
50336,"p",190151,537983,9.0000000000000000e+00,924,"Heidekartelblad","Pedicularis sylvatica",3,"r","08/29/13 00:00:00","Jan Erik Plantinga","org.nr. =  26318"
50337,"p",190087,537967,9.0000000000000000e+00,186,"Struikhei","Calluna vulgaris",1,"s","08/29/13 00:00:00","Jan Erik Plantinga","org.nr. =  26319"
50338,"p",189963,538098,9.0000000000000000e+00,924,"Heidekartelblad","Pedicularis sylvatica",2,"s","08/29/13 00:00:00","Jan Erik Plantinga","org.nr. =  26320"
50339,"p",190021,538250,9.0000000000000000e+00,337,"Galigaan","Cladium mariscus",2,"s","08/29/13 00:00:00","Jan Erik Plantinga","org.nr. =  26321"
50340,"p",189652,538095,9.0000000000000000e+00,221,"Ronde zegge","Carex diandra",2,"s","08/01/13 00:00:00","Ronald Bakker","org.nr. =  26503"
50341,"p",189639,538079,9.0000000000000000e+00,221,"Ronde zegge","Carex diandra",2,"s","08/01/13 00:00:00","Ronald Bakker","org.nr. =  26504"
50342,"p",189537,538245,9.0000000000000000e+00,821,"Waterdrieblad","Menyanthes trifoliata",3,"s","08/23/13 00:00:00","Ronald Bakker","org.nr. =  26524"
50343,"p",189940,538364,9.0000000000000000e+00,337,"Galigaan","Cladium mariscus",3,"s","06/13/13 00:00:00","Jan Erik Plantinga","org.nr. =  26701"
50344,"p",189679,538077,9.0000000000000000e+00,473,"Gewone dophei","Erica tetralix",2,"r","06/21/13 00:00:00","Jan Erik Plantinga","org.nr. =  26704"
50345,"p",189865,537805,9.0000000000000000e+00,890,"Rietorchis","Dactylorhiza majalis subsp. pr",1,"s","06/21/13 00:00:00","Jan Erik Plantinga","org.nr. =  26706"
50346,"p",189860,537806,6.0000000000000000e+00,2991,"Rood schorpioenmos","Scorpidium scorpioides",1,"s","06/21/13 00:00:00","Jan Erik Plantinga","org.nr. =  26707"
50347,"p",189865,537771,9.0000000000000000e+00,821,"Waterdrieblad","Menyanthes trifoliata",3,"s","06/21/13 00:00:00","Jan Erik Plantinga","org.nr. =  26708"
50348,"p",189854,537757,9.0000000000000000e+00,821,"Waterdrieblad","Menyanthes trifoliata",1,"s","06/21/13 00:00:00","Jan Erik Plantinga","org.nr. =  26709"
50349,"p",189854,537757,1.0000000000000000e+01,3011,"Hoogveenmos","Sphagnum magellanicum",5,"r","06/21/13 00:00:00","Jan Erik Plantinga","org.nr. =  26709"
50350,"p",189901,537808,6.0000000000000000e+00,2991,"Rood schorpioenmos","Scorpidium scorpioides",1,"s","06/21/13 00:00:00","Jan Erik Plantinga","org.nr. =  26711"
50351,"p",189891,537821,6.0000000000000000e+00,2991,"Rood schorpioenmos","Scorpidium scorpioides",2,"r","06/21/13 00:00:00","Jan Erik Plantinga","org.nr. =  26712"
50352,"p",189899,537789,6.0000000000000000e+00,2991,"Rood schorpioenmos","Scorpidium scorpioides",4,"r","06/21/13 00:00:00","Jan Erik Plantinga","org.nr. =  26713"
50353,"p",189883,537827,6.0000000000000000e+00,2629,"Sterre-goudmos","Campylium stellatum",3,"s","06/21/13 00:00:00","Jan Erik Plantinga","org.nr. =  26714"
50354,"p",189883,537827,1.0000000000000000e+01,3028,"Sparrig veenmos","Sphagnum teres",3,"s","06/21/13 00:00:00","Jan Erik Plantinga","org.nr. =  26714"
50355,"p",189936,537870,9.0000000000000000e+00,1230,"Kleinste egelskop","Sparganium natans",3,"s","06/21/13 00:00:00","Jan Erik Plantinga","org.nr. =  26715"
50356,"p",190201,537806,9.0000000000000000e+00,332,"Spaanse ruiter","Cirsium dissectum",3,"r","06/21/13 00:00:00","Jan Erik Plantinga","org.nr. =  26716"
50357,"p",190115,537998,9.0000000000000000e+00,228,"Sterzegge","Carex echinata",2,"s","06/21/13 00:00:00","Jan Erik Plantinga","org.nr. =  26717"
50358,"p",190115,537998,9.0000000000000000e+00,890,"Rietorchis","Dactylorhiza majalis subsp. pr",1,"s","06/21/13 00:00:00","Jan Erik Plantinga","org.nr. =  26717"
50359,"p",190093,538064,9.0000000000000000e+00,924,"Heidekartelblad","Pedicularis sylvatica",3,"r","06/21/13 00:00:00","Jan Erik Plantinga","org.nr. =  26718"
50360,"p",190093,538064,9.0000000000000000e+00,228,"Sterzegge","Carex echinata",2,"r","06/21/13 00:00:00","Jan Erik Plantinga","org.nr. =  26718"
50361,"p",190080,538096,9.0000000000000000e+00,924,"Heidekartelblad","Pedicularis sylvatica",3,"r","06/21/13 00:00:00","Jan Erik Plantinga","org.nr. =  26719"
50362,"p",190119,537985,9.0000000000000000e+00,890,"Rietorchis","Dactylorhiza majalis subsp. pr",3,"r","06/21/13 00:00:00","Jan Erik Plantinga","org.nr. =  26720"
50363,"p",190119,537985,9.0000000000000000e+00,187,"Gewone dotterbloem","Caltha palustris subsp. palust",1,"s","06/21/13 00:00:00","Jan Erik Plantinga","org.nr. =  26720"
50364,"p",190009,538151,9.0000000000000000e+00,337,"Galigaan","Cladium mariscus",3,"r","06/21/13 00:00:00","Jan Erik Plantinga","org.nr. =  26721"
50365,"p",190142,537995,9.0000000000000000e+00,332,"Spaanse ruiter","Cirsium dissectum",3,"s","06/21/13 00:00:00","Jan Erik Plantinga","org.nr. =  26722"
50366,"p",190142,537995,9.0000000000000000e+00,924,"Heidekartelblad","Pedicularis sylvatica",2,"s","06/21/13 00:00:00","Jan Erik Plantinga","org.nr. =  26722"
50367,"p",190096,537959,9.0000000000000000e+00,332,"Spaanse ruiter","Cirsium dissectum",3,"s","06/21/13 00:00:00","Jan Erik Plantinga","org.nr. =  26724"
50368,"p",189982,537754,9.0000000000000000e+00,221,"Ronde zegge","Carex diandra",2,"s","06/21/13 00:00:00","Jan Erik Plantinga","org.nr. =  26727"
50369,"p",189982,537754,6.0000000000000000e+00,2991,"Rood schorpioenmos","Scorpidium scorpioides",3,"r","06/21/13 00:00:00","Jan Erik Plantinga","org.nr. =  26727"
50370,"p",189963,537643,9.0000000000000000e+00,221,"Ronde zegge","Carex diandra",2,"s","06/21/13 00:00:00","Jan Erik Plantinga","org.nr. =  26728"
50371,"p",189994,537730,9.0000000000000000e+00,221,"Ronde zegge","Carex diandra",2,"s","06/21/13 00:00:00","Jan Erik Plantinga","org.nr. =  26730"
50372,"p",189998,537715,9.0000000000000000e+00,221,"Ronde zegge","Carex diandra",1,"s","06/21/13 00:00:00","Jan Erik Plantinga","org.nr. =  26732"
50373,"p",189970,538095,9.0000000000000000e+00,1230,"Kleinste egelskop","Sparganium natans",4,"r","06/21/13 00:00:00","Jan Erik Plantinga","org.nr. =  26734"
50374,"p",189988,538069,9.0000000000000000e+00,332,"Spaanse ruiter","Cirsium dissectum",3,"s","06/21/13 00:00:00","Jan Erik Plantinga","org.nr. =  26735"
50375,"p",190052,537977,9.0000000000000000e+00,1230,"Kleinste egelskop","Sparganium natans",4,"r","06/21/13 00:00:00","Jan Erik Plantinga","org.nr. =  26736"
50376,"p",190129,537982,9.0000000000000000e+00,337,"Galigaan","Cladium mariscus",1,"s","06/21/13 00:00:00","Jan Erik Plantinga","org.nr. =  26738"
50377,"p",189629,538030,6.0000000000000000e+00,2629,"Sterre-goudmos","Campylium stellatum",1,"s","06/21/13 00:00:00","Jan Erik Plantinga","org.nr. =  26740"
50378,"p",189637,538011,6.0000000000000000e+00,2629,"Sterre-goudmos","Campylium stellatum",2,"s","06/21/13 00:00:00","Jan Erik Plantinga","org.nr. =  26742"
50379,"p",189679,537953,9.0000000000000000e+00,821,"Waterdrieblad","Menyanthes trifoliata",3,"s","06/21/13 00:00:00","Jan Erik Plantinga","org.nr. =  26746"
50380,"p",189689,537945,9.0000000000000000e+00,821,"Waterdrieblad","Menyanthes trifoliata",3,"s","07/09/13 00:00:00","Jan Erik Plantinga","org.nr. =  26747"
50381,"p",189693,537939,9.0000000000000000e+00,821,"Waterdrieblad","Menyanthes trifoliata",3,"s","07/09/13 00:00:00","Jan Erik Plantinga","org.nr. =  26748"
50382,"p",189712,537919,9.0000000000000000e+00,221,"Ronde zegge","Carex diandra",1,"s","07/09/13 00:00:00","Jan Erik Plantinga","org.nr. =  26750"
50383,"p",189717,537910,9.0000000000000000e+00,221,"Ronde zegge","Carex diandra",2,"s","07/09/13 00:00:00","Jan Erik Plantinga","org.nr. =  26751"
50384,"p",189703,537926,9.0000000000000000e+00,221,"Ronde zegge","Carex diandra",1,"s","07/09/13 00:00:00","Jan Erik Plantinga","org.nr. =  26752"
50385,"p",189688,537937,6.0000000000000000e+00,2991,"Rood schorpioenmos","Scorpidium scorpioides",3,"r","07/09/13 00:00:00","Jan Erik Plantinga","org.nr. =  26753"
50386,"p",189649,538056,9.0000000000000000e+00,237,"Stijve zegge","Carex elata",2,"s","07/09/13 00:00:00","Jan Erik Plantinga","org.nr. =  26756"
50387,"p",189649,538056,9.0000000000000000e+00,673,"Zomprus","Juncus articulatus",4,"s","07/09/13 00:00:00","Jan Erik Plantinga","org.nr. =  26756"
50388,"p",189649,538056,9.0000000000000000e+00,187,"Gewone dotterbloem","Caltha palustris subsp. palust",1,"s","07/09/13 00:00:00","Jan Erik Plantinga","org.nr. =  26756"
50389,"p",189487,538199,9.0000000000000000e+00,1051,"Grote boterbloem","Ranunculus lingua",1,"s","07/09/13 00:00:00","Jan Erik Plantinga","org.nr. =  26757"
50390,"p",189487,538199,9.0000000000000000e+00,456,"Moerasbasterdwederik","Epilobium palustre",2,"r","07/09/13 00:00:00","Jan Erik Plantinga","org.nr. =  26757"
50391,"p",189441,538265,9.0000000000000000e+00,1051,"Grote boterbloem","Ranunculus lingua",2,"r","07/09/13 00:00:00","Jan Erik Plantinga","org.nr. =  26758"
50392,"p",189656,538210,9.0000000000000000e+00,473,"Gewone dophei","Erica tetralix",1,"s","07/16/13 00:00:00","Jan Erik Plantinga","org.nr. =  26765"
50393,"p",189653,538177,9.0000000000000000e+00,221,"Ronde zegge","Carex diandra",2,"s","07/16/13 00:00:00","Jan Erik Plantinga","org.nr. =  26766"
50394,"p",189779,538062,9.0000000000000000e+00,473,"Gewone dophei","Erica tetralix",3,"r","07/16/13 00:00:00","Jan Erik Plantinga","org.nr. =  26772"
50395,"p",189726,538087,9.0000000000000000e+00,473,"Gewone dophei","Erica tetralix",2,"r","07/16/13 00:00:00","Jan Erik Plantinga","org.nr. =  26773"
50396,"p",189839,537877,9.0000000000000000e+00,473,"Gewone dophei","Erica tetralix",1,"s","07/16/13 00:00:00","Jan Erik Plantinga","org.nr. =  26782"
50397,"p",189697,538012,9.0000000000000000e+00,890,"Rietorchis","Dactylorhiza majalis subsp. pr",1,"s","07/17/13 00:00:00","Jan Erik Plantinga","org.nr. =  26788"
50398,"p",189760,537951,9.0000000000000000e+00,821,"Waterdrieblad","Menyanthes trifoliata",4,"s","07/17/13 00:00:00","Jan Erik Plantinga","org.nr. =  26790"
50399,"p",189718,537901,9.0000000000000000e+00,221,"Ronde zegge","Carex diandra",1,"s","07/17/13 00:00:00","Jan Erik Plantinga","org.nr. =  26793"
50400,"p",189894,537665,6.0000000000000000e+00,2991,"Rood schorpioenmos","Scorpidium scorpioides",3,"r","07/17/13 00:00:00","Jan Erik Plantinga","org.nr. =  26798"
50401,"p",189909,537677,9.0000000000000000e+00,221,"Ronde zegge","Carex diandra",2,"r","07/17/13 00:00:00","Jan Erik Plantinga","org.nr. =  26799"
50402,"p",189550,538215,9.0000000000000000e+00,1051,"Grote boterbloem","Ranunculus lingua",2,"r","10/07/13 00:00:00","Jan Erik Plantinga","org.nr. =  26804"
50403,"p",189564,538171,9.0000000000000000e+00,326,"Waterscheerling","Cicuta virosa",3,"s","10/07/13 00:00:00","Jan Erik Plantinga","org.nr. =  26805"
50404,"p",189582,538144,9.0000000000000000e+00,326,"Waterscheerling","Cicuta virosa",1,"s","10/07/13 00:00:00","Jan Erik Plantinga","org.nr. =  26806"
50405,"p",189782,538306,9.0000000000000000e+00,221,"Ronde zegge","Carex diandra",1,"s","10/07/13 00:00:00","Jan Erik Plantinga","org.nr. =  26814"
50406,"p",189656,538257,9.0000000000000000e+00,473,"Gewone dophei","Erica tetralix",1,"s","10/07/13 00:00:00","Jan Erik Plantinga","org.nr. =  26826"
50407,"p",189656,538257,1.0000000000000000e+01,3011,"Hoogveenmos","Sphagnum magellanicum",2,"s","10/07/13 00:00:00","Jan Erik Plantinga","org.nr. =  26826"
50408,"p",189664,538241,9.0000000000000000e+00,1323,"Plat blaasjeskruid","Utricularia intermedia",3,"r","10/07/13 00:00:00","Jan Erik Plantinga","org.nr. =  26830"
50409,"p",189667,538027,9.0000000000000000e+00,1051,"Grote boterbloem","Ranunculus lingua",1,"s","10/07/13 00:00:00","Jan Erik Plantinga","org.nr. =  26834"
50410,"p",189666,538009,9.0000000000000000e+00,1051,"Grote boterbloem","Ranunculus lingua",1,"s","10/07/13 00:00:00","Jan Erik Plantinga","org.nr. =  26835"
50411,"p",189758,537881,9.0000000000000000e+00,1323,"Plat blaasjeskruid","Utricularia intermedia",3,"s","10/07/13 00:00:00","Jan Erik Plantinga","org.nr. =  26836"
50412,"p",189832,537785,6.0000000000000000e+00,2991,"Rood schorpioenmos","Scorpidium scorpioides",2,"s","10/07/13 00:00:00","Jan Erik Plantinga","org.nr. =  26837"
50413,"p",189778,538209,9.0000000000000000e+00,221,"Ronde zegge","Carex diandra",1,"s","10/07/13 00:00:00","Jan Erik Plantinga","org.nr. =  26839"
50414,"p",189479,538796,9.0000000000000000e+00,1275,"Poelruit","Thalictrum flavum",3,"s","06/21/13 00:00:00","Klaas van der Veen","org.nr. =  28002"
50415,"p",189495,538812,9.0000000000000000e+00,1183,"Waterkruiskruid","Senecio aquaticus",3,"s","06/21/13 00:00:00","Klaas van der Veen","org.nr. =  28003"
50416,"p",189612,538681,9.0000000000000000e+00,857,"Borstelgras","Nardus stricta",2,"s","06/21/13 00:00:00","Klaas van der Veen","org.nr. =  28011"
50417,"p",189612,538681,9.0000000000000000e+00,1275,"Poelruit","Thalictrum flavum",2,"s","06/21/13 00:00:00","Klaas van der Veen","org.nr. =  28011"
50418,"p",189534,538767,9.0000000000000000e+00,549,"Liggend walstro","Galium saxatile",3,"s","06/21/13 00:00:00","Klaas van der Veen","org.nr. =  28021"
50419,"p",189534,538767,9.0000000000000000e+00,1199,"Tandjesgras","Danthonia decumbens",2,"s","06/21/13 00:00:00","Klaas van der Veen","org.nr. =  28021"
50420,"p",189616,538649,9.0000000000000000e+00,890,"Rietorchis","Dactylorhiza majalis subsp. pr",3,"s","06/21/13 00:00:00","Klaas van der Veen","org.nr. =  28022"
50421,"p",189516,538305,9.0000000000000000e+00,1324,"Klein blaasjeskruid","Utricularia minor",4,"r","07/19/13 00:00:00","Ronald Bakker","org.nr. =  28056"
50422,"p",189516,538305,6.0000000000000000e+00,2991,"Rood schorpioenmos","Scorpidium scorpioides",4,"r","07/19/13 00:00:00","Ronald Bakker","org.nr. =  28056"
50423,"p",189516,538305,9.0000000000000000e+00,748,"Groenknolorchis","Liparis loeselii",2,"s","07/19/13 00:00:00","Ronald Bakker","org.nr. =  28056"
50424,"p",189477,538380,9.0000000000000000e+00,1324,"Klein blaasjeskruid","Utricularia minor",4,"r","07/19/13 00:00:00","Ronald Bakker","org.nr. =  28059"
50425,"p",189521,538324,9.0000000000000000e+00,1324,"Klein blaasjeskruid","Utricularia minor",3,"r","07/19/13 00:00:00","Ronald Bakker","org.nr. =  28063"
50426,"p",189521,538324,6.0000000000000000e+00,2991,"Rood schorpioenmos","Scorpidium scorpioides",3,"r","07/19/13 00:00:00","Ronald Bakker","org.nr. =  28063"
50427,"p",189530,538312,9.0000000000000000e+00,1324,"Klein blaasjeskruid","Utricularia minor",3,"r","07/19/13 00:00:00","Ronald Bakker","org.nr. =  28064"
50428,"p",189483,538593,1.0000000000000000e+01,3011,"Hoogveenmos","Sphagnum magellanicum",4,"r","07/19/13 00:00:00","Ronald Bakker","org.nr. =  28068"
50429,"p",189542,538500,9.0000000000000000e+00,1324,"Klein blaasjeskruid","Utricularia minor",4,"r","07/21/13 00:00:00","Ronald Bakker","org.nr. =  28073"
50430,"p",189587,538608,9.0000000000000000e+00,1324,"Klein blaasjeskruid","Utricularia minor",4,"r","07/23/13 00:00:00","Ronald Bakker","org.nr. =  28085"
50431,"p",189628,538537,9.0000000000000000e+00,1324,"Klein blaasjeskruid","Utricularia minor",3,"r","07/23/13 00:00:00","Ronald Bakker","org.nr. =  28088"
50432,"p",189628,538537,1.0000000000000000e+01,3011,"Hoogveenmos","Sphagnum magellanicum",4,"r","07/23/13 00:00:00","Ronald Bakker","org.nr. =  28088"
50433,"p",189631,538366,9.0000000000000000e+00,239,"Draadzegge","Carex lasiocarpa",4,"r","07/23/13 00:00:00","Ronald Bakker","org.nr. =  28092"
50434,"p",189650,538334,9.0000000000000000e+00,1324,"Klein blaasjeskruid","Utricularia minor",4,"r","07/23/13 00:00:00","Ronald Bakker","org.nr. =  28093"
50435,"p",189617,538395,9.0000000000000000e+00,1324,"Klein blaasjeskruid","Utricularia minor",4,"r","07/23/13 00:00:00","Ronald Bakker","org.nr. =  28094"
50436,"p",189573,538436,9.0000000000000000e+00,1324,"Klein blaasjeskruid","Utricularia minor",4,"r","07/23/13 00:00:00","Ronald Bakker","org.nr. =  28096"
50437,"p",189576,538476,9.0000000000000000e+00,1324,"Klein blaasjeskruid","Utricularia minor",4,"r","07/23/13 00:00:00","Ronald Bakker","org.nr. =  28099"
50438,"p",189636,538334,9.0000000000000000e+00,1324,"Klein blaasjeskruid","Utricularia minor",4,"r","07/23/13 00:00:00","Ronald Bakker","org.nr. =  28105"
50439,"p",189605,538643,9.0000000000000000e+00,651,"Gevleugeld hertshooi","Hypericum tetrapterum",1,"s","07/31/13 00:00:00","Ronald Bakker","org.nr. =  28108"
50440,"p",189755,538536,9.0000000000000000e+00,346,"Wateraardbei","Comarum palustris",3,"o","08/01/13 00:00:00","Theo Jager","org.nr. =  28120"
50441,"p",189755,538536,9.0000000000000000e+00,441,"Brede waterpest","Elodea canadensis",4,"a","08/01/13 00:00:00","Theo Jager","org.nr. =  28120"
50442,"p",189506,538329,9.0000000000000000e+00,221,"Ronde zegge","Carex diandra",2,"s","08/01/13 00:00:00","Theo Jager","org.nr. =  28125"
50443,"p",189497,538339,9.0000000000000000e+00,221,"Ronde zegge","Carex diandra",3,"r","08/01/13 00:00:00","Theo Jager","org.nr. =  28126"
50444,"p",189705,538540,9.0000000000000000e+00,473,"Gewone dophei","Erica tetralix",1,"s","08/01/13 00:00:00","Theo Jager","org.nr. =  28127"
50445,"p",189627,538667,9.0000000000000000e+00,890,"Rietorchis","Dactylorhiza majalis subsp. pr",3,"s","06/13/13 00:00:00","Jan Erik Plantinga","org.nr. =  28501"
50446,"p",189638,538669,9.0000000000000000e+00,890,"Rietorchis","Dactylorhiza majalis subsp. pr",2,"s","06/13/13 00:00:00","Jan Erik Plantinga","org.nr. =  28503"
50447,"p",189643,538677,9.0000000000000000e+00,670,"Veldrus","Juncus acutiflorus",4,"r","06/13/13 00:00:00","Jan Erik Plantinga","org.nr. =  28504"
50448,"p",189753,538439,9.0000000000000000e+00,337,"Galigaan","Cladium mariscus",3,"s","06/13/13 00:00:00","Jan Erik Plantinga","org.nr. =  28505"
50449,"p",189771,538444,9.0000000000000000e+00,219,"Zompzegge","Carex curta",2,"r","06/13/13 00:00:00","Jan Erik Plantinga","org.nr. =  28508"
50450,"p",189771,538444,9.0000000000000000e+00,821,"Waterdrieblad","Menyanthes trifoliata",3,"r","06/13/13 00:00:00","Jan Erik Plantinga","org.nr. =  28508"
50451,"p",189771,538444,6.0000000000000000e+00,2991,"Rood schorpioenmos","Scorpidium scorpioides",4,"r","06/13/13 00:00:00","Jan Erik Plantinga","org.nr. =  28508"
50452,"p",189771,538444,9.0000000000000000e+00,337,"Galigaan","Cladium mariscus",3,"r","06/13/13 00:00:00","Jan Erik Plantinga","org.nr. =  28508"
50453,"p",189771,538444,9.0000000000000000e+00,221,"Ronde zegge","Carex diandra",3,"r","06/13/13 00:00:00","Jan Erik Plantinga","org.nr. =  28508"
50454,"p",189765,538443,9.0000000000000000e+00,221,"Ronde zegge","Carex diandra",2,"r","06/13/13 00:00:00","Jan Erik Plantinga","org.nr. =  28510"
50455,"p",189765,538443,6.0000000000000000e+00,2629,"Sterre-goudmos","Campylium stellatum",1,"s","06/13/13 00:00:00","Jan Erik Plantinga","org.nr. =  28510"
50456,"p",189763,538524,9.0000000000000000e+00,221,"Ronde zegge","Carex diandra",2,"r","06/13/13 00:00:00","Jan Erik Plantinga","org.nr. =  28511"
50457,"p",189763,538524,9.0000000000000000e+00,821,"Waterdrieblad","Menyanthes trifoliata",2,"s","06/13/13 00:00:00","Jan Erik Plantinga","org.nr. =  28511"
50458,"p",189761,538513,9.0000000000000000e+00,221,"Ronde zegge","Carex diandra",2,"s","06/13/13 00:00:00","Jan Erik Plantinga","org.nr. =  28512"
50459,"p",189761,538513,6.0000000000000000e+00,2991,"Rood schorpioenmos","Scorpidium scorpioides",2,"s","06/13/13 00:00:00","Jan Erik Plantinga","org.nr. =  28512"
50460,"p",189761,538504,6.0000000000000000e+00,2991,"Rood schorpioenmos","Scorpidium scorpioides",2,"s","06/13/13 00:00:00","Jan Erik Plantinga","org.nr. =  28513"
50461,"p",189761,538504,9.0000000000000000e+00,821,"Waterdrieblad","Menyanthes trifoliata",3,"s","06/13/13 00:00:00","Jan Erik Plantinga","org.nr. =  28513"
50462,"p",189852,538388,6.0000000000000000e+00,2629,"Sterre-goudmos","Campylium stellatum",3,"r","06/13/13 00:00:00","Jan Erik Plantinga","org.nr. =  28516"
50463,"p",189905,538325,9.0000000000000000e+00,337,"Galigaan","Cladium mariscus",3,"r","06/13/13 00:00:00","Jan Erik Plantinga","org.nr. =  28518"
50464,"p",189949,538249,9.0000000000000000e+00,221,"Ronde zegge","Carex diandra",2,"s","06/13/13 00:00:00","Jan Erik Plantinga","org.nr. =  28520"
50465,"p",189949,538249,9.0000000000000000e+00,1230,"Kleinste egelskop","Sparganium natans",3,"s","06/13/13 00:00:00","Jan Erik Plantinga","org.nr. =  28520"
50466,"p",189971,538227,9.0000000000000000e+00,821,"Waterdrieblad","Menyanthes trifoliata",2,"s","06/13/13 00:00:00","Jan Erik Plantinga","org.nr. =  28521"
50467,"p",189814,538352,9.0000000000000000e+00,1327,"Groot blaasjeskruid","Utricularia vulgaris",1,"s","05/17/13 00:00:00","Jan Erik Plantinga","org.nr. =  28524"
50468,"p",189821,538338,9.0000000000000000e+00,473,"Gewone dophei","Erica tetralix",1,"s","05/17/13 00:00:00","Jan Erik Plantinga","org.nr. =  28525"
50469,"p",189821,538338,6.0000000000000000e+00,2991,"Rood schorpioenmos","Scorpidium scorpioides",2,"r","05/17/13 00:00:00","Jan Erik Plantinga","org.nr. =  28525"
50470,"p",189821,538338,9.0000000000000000e+00,337,"Galigaan","Cladium mariscus",3,"r","05/17/13 00:00:00","Jan Erik Plantinga","org.nr. =  28525"
50471,"p",189857,538335,9.0000000000000000e+00,221,"Ronde zegge","Carex diandra",2,"r","05/17/13 00:00:00","Jan Erik Plantinga","org.nr. =  28526"
50472,"p",189814,538335,9.0000000000000000e+00,473,"Gewone dophei","Erica tetralix",3,"r","05/17/13 00:00:00","Jan Erik Plantinga","org.nr. =  28527"
50473,"p",189832,538350,9.0000000000000000e+00,1327,"Groot blaasjeskruid","Utricularia vulgaris",2,"r","05/17/13 00:00:00","Jan Erik Plantinga","org.nr. =  28528"
50474,"p",189788,538447,6.0000000000000000e+00,2991,"Rood schorpioenmos","Scorpidium scorpioides",3,"r","05/17/13 00:00:00","Jan Erik Plantinga","org.nr. =  28530"
50475,"p",189828,538368,6.0000000000000000e+00,2991,"Rood schorpioenmos","Scorpidium scorpioides",3,"r","05/17/13 00:00:00","Jan Erik Plantinga","org.nr. =  28531"
50476,"p",189839,538298,6.0000000000000000e+00,2991,"Rood schorpioenmos","Scorpidium scorpioides",3,"r","05/17/13 00:00:00","Jan Erik Plantinga","org.nr. =  28532"
50477,"p",189658,538326,9.0000000000000000e+00,857,"Borstelgras","Nardus stricta",3,"s","05/17/13 00:00:00","Jan Erik Plantinga","org.nr. =  28534"
50478,"p",189716,538467,9.0000000000000000e+00,1183,"Waterkruiskruid","Senecio aquaticus",3,"r","05/17/13 00:00:00","Jan Erik Plantinga","org.nr. =  28535"
50479,"p",189758,538537,9.0000000000000000e+00,1324,"Klein blaasjeskruid","Utricularia minor",3,"r","05/17/13 00:00:00","Jan Erik Plantinga","org.nr. =  28536"
50480,"p",189758,538537,9.0000000000000000e+00,228,"Sterzegge","Carex echinata",2,"r","05/17/13 00:00:00","Jan Erik Plantinga","org.nr. =  28536"
50481,"p",189645,538704,9.0000000000000000e+00,890,"Rietorchis","Dactylorhiza majalis subsp. pr",1,"s","06/13/13 00:00:00","Jan Erik Plantinga","org.nr. =  28537"
50482,"p",189666,538679,9.0000000000000000e+00,890,"Rietorchis","Dactylorhiza majalis subsp. pr",2,"s","06/13/13 00:00:00","Jan Erik Plantinga","org.nr. =  28538"
50483,"p",189812,538316,1.0000000000000000e+01,3011,"Hoogveenmos","Sphagnum magellanicum",4,"r","06/13/13 00:00:00","Jan Erik Plantinga","org.nr. =  28539"
50484,"p",189844,538300,1.0000000000000000e+01,3011,"Hoogveenmos","Sphagnum magellanicum",4,"r","06/13/13 00:00:00","Jan Erik Plantinga","org.nr. =  28541"
50485,"p",189844,538312,1.0000000000000000e+01,3011,"Hoogveenmos","Sphagnum magellanicum",4,"r","06/13/13 00:00:00","Jan Erik Plantinga","org.nr. =  28542"
50486,"p",189775,538433,9.0000000000000000e+00,221,"Ronde zegge","Carex diandra",2,"r","06/13/13 00:00:00","Jan Erik Plantinga","org.nr. =  28545"
50487,"p",189783,538423,6.0000000000000000e+00,2991,"Rood schorpioenmos","Scorpidium scorpioides",3,"r","06/13/13 00:00:00","Jan Erik Plantinga","org.nr. =  28547"
50488,"p",189798,538405,9.0000000000000000e+00,221,"Ronde zegge","Carex diandra",1,"s","06/13/13 00:00:00","Jan Erik Plantinga","org.nr. =  28548"
50489,"p",189798,538405,9.0000000000000000e+00,260,"Snavelzegge","Carex rostrata",2,"s","06/13/13 00:00:00","Jan Erik Plantinga","org.nr. =  28548"
50490,"p",189818,538369,9.0000000000000000e+00,326,"Waterscheerling","Cicuta virosa",1,"s","06/13/13 00:00:00","Jan Erik Plantinga","org.nr. =  28549"
50491,"p",189822,538359,9.0000000000000000e+00,337,"Galigaan","Cladium mariscus",2,"r","06/13/13 00:00:00","Jan Erik Plantinga","org.nr. =  28550"
50492,"p",189829,538337,1.0000000000000000e+01,3024,"Glanzend veenmos","Sphagnum subnitens",4,"r","06/13/13 00:00:00","Jan Erik Plantinga","org.nr. =  28551"
50493,"p",189829,538337,9.0000000000000000e+00,337,"Galigaan","Cladium mariscus",4,"r","06/13/13 00:00:00","Jan Erik Plantinga","org.nr. =  28551"
50494,"p",189829,538337,6.0000000000000000e+00,2991,"Rood schorpioenmos","Scorpidium scorpioides",4,"r","06/13/13 00:00:00","Jan Erik Plantinga","org.nr. =  28551"
50495,"p",189823,538283,9.0000000000000000e+00,821,"Waterdrieblad","Menyanthes trifoliata",3,"r","07/09/13 00:00:00","Jan Erik Plantinga","org.nr. =  28558"
50496,"p",189560,538360,9.0000000000000000e+00,821,"Waterdrieblad","Menyanthes trifoliata",3,"s","07/10/13 00:00:00","Jan Erik Plantinga","org.nr. =  28568"
50497,"p",189504,538407,9.0000000000000000e+00,473,"Gewone dophei","Erica tetralix",1,"r","07/10/13 00:00:00","Jan Erik Plantinga","org.nr. =  28571"
50498,"p",189540,538361,9.0000000000000000e+00,473,"Gewone dophei","Erica tetralix",3,"r","07/10/13 00:00:00","Jan Erik Plantinga","org.nr. =  28572"
50499,"p",189552,538318,6.0000000000000000e+00,2991,"Rood schorpioenmos","Scorpidium scorpioides",3,"r","07/13/13 00:00:00","Jan Erik Plantinga","org.nr. =  28576"
50500,"p",189521,538351,9.0000000000000000e+00,473,"Gewone dophei","Erica tetralix",3,"r","07/13/13 00:00:00","Jan Erik Plantinga","org.nr. =  28578"
50501,"p",189531,538313,6.0000000000000000e+00,2991,"Rood schorpioenmos","Scorpidium scorpioides",2,"s","07/13/13 00:00:00","Jan Erik Plantinga","org.nr. =  28580"
50502,"p",189531,538313,9.0000000000000000e+00,326,"Waterscheerling","Cicuta virosa",1,"s","07/13/13 00:00:00","Jan Erik Plantinga","org.nr. =  28580"
50503,"p",189504,538331,9.0000000000000000e+00,748,"Groenknolorchis","Liparis loeselii",2,"s","07/13/13 00:00:00","Jan Erik Plantinga","org.nr. =  28582"
50504,"p",189504,538331,9.0000000000000000e+00,221,"Ronde zegge","Carex diandra",2,"s","07/13/13 00:00:00","Jan Erik Plantinga","org.nr. =  28582"
50505,"p",189770,538517,9.0000000000000000e+00,821,"Waterdrieblad","Menyanthes trifoliata",2,"s","07/15/13 00:00:00","Jan Erik Plantinga","org.nr. =  28588"
50506,"p",189862,538280,1.0000000000000000e+01,3016,"Wrattig veenmos","Sphagnum papillosum",3,"r","07/23/13 00:00:00","Jan Erik Plantinga","org.nr. =  28595"
50507,"p",189862,538280,9.0000000000000000e+00,473,"Gewone dophei","Erica tetralix",2,"s","07/23/13 00:00:00","Jan Erik Plantinga","org.nr. =  28595"
50508,"p",189876,538238,9.0000000000000000e+00,473,"Gewone dophei","Erica tetralix",2,"s","07/23/13 00:00:00","Jan Erik Plantinga","org.nr. =  28597"
50509,"p",189898,538222,1.0000000000000000e+01,3011,"Hoogveenmos","Sphagnum magellanicum",3,"r","07/23/13 00:00:00","Jan Erik Plantinga","org.nr. =  28599"
50510,"p",189898,538222,9.0000000000000000e+00,473,"Gewone dophei","Erica tetralix",2,"s","07/23/13 00:00:00","Jan Erik Plantinga","org.nr. =  28599"
50511,"p",189898,538222,9.0000000000000000e+00,418,"Ronde zonnedauw","Drosera rotundifolia",5,"a","07/23/13 00:00:00","Jan Erik Plantinga","org.nr. =  28599"
50512,"p",189753,538565,9.0000000000000000e+00,473,"Gewone dophei","Erica tetralix",2,"r","07/23/13 00:00:00","Jan Erik Plantinga","org.nr. =  28602"
50513,"p",189829,538423,9.0000000000000000e+00,473,"Gewone dophei","Erica tetralix",2,"r","07/30/13 00:00:00","Jan Erik Plantinga","org.nr. =  28604"
50514,"p",189829,538423,1.0000000000000000e+01,3016,"Wrattig veenmos","Sphagnum papillosum",4,"r","07/30/13 00:00:00","Jan Erik Plantinga","org.nr. =  28604"
50515,"p",189723,538489,9.0000000000000000e+00,337,"Galigaan","Cladium mariscus",2,"s","07/30/13 00:00:00","Jan Erik Plantinga","org.nr. =  28609"
50516,"p",189710,538480,1.0000000000000000e+01,3024,"Glanzend veenmos","Sphagnum subnitens",3,"s","07/30/13 00:00:00","Jan Erik Plantinga","org.nr. =  28611"
50517,"p",189744,538496,1.0000000000000000e+01,3024,"Glanzend veenmos","Sphagnum subnitens",3,"s","07/30/13 00:00:00","Jan Erik Plantinga","org.nr. =  28612"
50518,"p",189525,538308,9.0000000000000000e+00,748,"Groenknolorchis","Liparis loeselii",2,"r","08/06/13 00:00:00","Jan Erik Plantinga","org.nr. =  28613"
50519,"p",189515,538316,9.0000000000000000e+00,748,"Groenknolorchis","Liparis loeselii",1,"s","08/06/13 00:00:00","Jan Erik Plantinga","org.nr. =  28614"
50520,"p",189511,538323,9.0000000000000000e+00,748,"Groenknolorchis","Liparis loeselii",3,"r","08/06/13 00:00:00","Jan Erik Plantinga","org.nr. =  28615"
50521,"p",189502,538336,9.0000000000000000e+00,748,"Groenknolorchis","Liparis loeselii",3,"r","08/06/13 00:00:00","Jan Erik Plantinga","org.nr. =  28616"
50522,"p",189496,538344,9.0000000000000000e+00,748,"Groenknolorchis","Liparis loeselii",3,"s","08/06/13 00:00:00","Jan Erik Plantinga","org.nr. =  28617"
50523,"p",189521,538317,9.0000000000000000e+00,748,"Groenknolorchis","Liparis loeselii",2,"s","08/06/13 00:00:00","Jan Erik Plantinga","org.nr. =  28618"
50524,"p",189514,538303,9.0000000000000000e+00,748,"Groenknolorchis","Liparis loeselii",2,"s","08/06/13 00:00:00","Jan Erik Plantinga","org.nr. =  28619"
50525,"p",189510,538344,9.0000000000000000e+00,748,"Groenknolorchis","Liparis loeselii",3,"r","08/06/13 00:00:00","Jan Erik Plantinga","org.nr. =  28620"
50526,"p",189510,538344,6.0000000000000000e+00,2991,"Rood schorpioenmos","Scorpidium scorpioides",4,"r","08/06/13 00:00:00","Jan Erik Plantinga","org.nr. =  28620"
50527,"p",189521,538332,9.0000000000000000e+00,748,"Groenknolorchis","Liparis loeselii",1,"s","08/06/13 00:00:00","Jan Erik Plantinga","org.nr. =  28621"
50528,"p",189519,538300,9.0000000000000000e+00,748,"Groenknolorchis","Liparis loeselii",2,"s","08/06/13 00:00:00","Jan Erik Plantinga","org.nr. =  28622"
50529,"p",189488,538427,9.0000000000000000e+00,1230,"Kleinste egelskop","Sparganium natans",3,"s","08/06/13 00:00:00","Jan Erik Plantinga","org.nr. =  28624"
50530,"p",189518,538481,9.0000000000000000e+00,1230,"Kleinste egelskop","Sparganium natans",3,"s","08/06/13 00:00:00","Jan Erik Plantinga","org.nr. =  28625"
50531,"p",189513,538488,9.0000000000000000e+00,2116,"Gewoon kransblad var.  cras.","Chara vulgaris var. crassicaul",3,"r","08/06/13 00:00:00","Jan Erik Plantinga","org.nr. =  28626"
50532,"p",189448,538529,9.0000000000000000e+00,1226,"Moerasmelkdistel","Sonchus palustris",2,"s","08/06/13 00:00:00","Jan Erik Plantinga","org.nr. =  28627"
50533,"p",189851,538409,9.0000000000000000e+00,337,"Galigaan","Cladium mariscus",2,"r","08/06/13 00:00:00","Jan Erik Plantinga","org.nr. =  28629"
50534,"p",189607,538780,9.0000000000000000e+00,908,"Koningsvaren","Osmunda regalis",1,"s","08/06/13 00:00:00","Jan Erik Plantinga","org.nr. =  28635"
50535,"p",189893,538352,9.0000000000000000e+00,337,"Galigaan","Cladium mariscus",2,"s","08/06/13 00:00:00","Jan Erik Plantinga","org.nr. =  28636"
50536,"p",189297,539659,1.0000000000000000e+01,3011,"Hoogveenmos","Sphagnum magellanicum",5,"r","08/29/13 00:00:00","Jan Erik Plantinga","org.nr. =  30001"
50537,"p",189891,537838,9.0000000000000000e+00,1230,"Kleinste egelskop","Sparganium natans",3,"s","08/29/13 00:00:00","Jan Erik Plantinga","org.nr. =  30002"
